file_path,classification,duration_sec,num_transients,bpm
/Users/jannikassfalg/Documents/Sample Packs/Audiotent - Hypnosis/Rhythmic Textures/34 AT Hypnosis Texture - Roland 137.wav,One-Shot,7.01,63,184.57
/Users/jannikassfalg/Documents/Sample Packs/Audiotent - Hypnosis/Rhythmic Textures/31 AT Hypnosis Texture - Train 137.wav,Loop,7.01,78,136.0
/Users/jannikassfalg/Documents/Sample Packs/Audiotent - Hypnosis/Rhythmic Textures/12 AT Hypnosis Texture - Vermona 137.wav,One-Shot,14.01,126,78.3
/Users/jannikassfalg/Documents/Sample Packs/Audiotent - Hypnosis/Rhythmic Textures/22 AT Hypnosis Texture - Void 137.wav,Loop,7.01,63,136.0
/Users/jannikassfalg/Documents/Sample Packs/Audiotent - Hypnosis/Rhythmic Textures/21 AT Hypnosis Texture - Zoom 137.wav,One-Shot,7.01,69,184.57
/Users/jannikassfalg/Documents/Sample Packs/Audiotent - Hypnosis/Rhythmic Textures/10 AT Hypnosis Texture - Opto 137.wav,Loop,7.01,34,136.0
/Users/jannikassfalg/Documents/Sample Packs/Audiotent - Hypnosis/Rhythmic Textures/35 AT Hypnosis Texture - Bucket 137.wav,Loop,7.01,56,136.0
/Users/jannikassfalg/Documents/Sample Packs/Audiotent - Hypnosis/Rhythmic Textures/08 AT Hypnosis Texture - Distressor 137.wav,Loop,7.01,63,136.0
/Users/jannikassfalg/Documents/Sample Packs/Audiotent - Hypnosis/Rhythmic Textures/06 AT Hypnosis Texture - Cycle 137.wav,Loop,7.01,54,136.0
/Users/jannikassfalg/Documents/Sample Packs/Audiotent - Hypnosis/Rhythmic Textures/07 AT Hypnosis Texture - Soma 137.wav,Loop,7.01,54,136.0
/Users/jannikassfalg/Documents/Sample Packs/Audiotent - Hypnosis/Rhythmic Textures/33 AT Hypnosis Texture - Ring 137.wav,Loop,7.01,56,136.0
/Users/jannikassfalg/Documents/Sample Packs/Audiotent - Hypnosis/Rhythmic Textures/20 AT Hypnosis Texture - Alarm 137.wav,Loop,7.01,42,68.91
/Users/jannikassfalg/Documents/Sample Packs/Audiotent - Hypnosis/Rhythmic Textures/28 AT Hypnosis Texture - Resonance 137.wav,Loop,7.01,55,136.0
/Users/jannikassfalg/Documents/Sample Packs/Audiotent - Hypnosis/Rhythmic Textures/29 AT Hypnosis Texture - Volca 137.wav,One-Shot,7.01,49,90.67
/Users/jannikassfalg/Documents/Sample Packs/Audiotent - Hypnosis/Rhythmic Textures/02 AT Hypnosis Texture - Phase 137.wav,One-Shot,7.01,49,109.96
/Users/jannikassfalg/Documents/Sample Packs/Audiotent - Hypnosis/Rhythmic Textures/11 AT Hypnosis Texture - Pattern 137.wav,One-Shot,7.01,64,109.96
/Users/jannikassfalg/Documents/Sample Packs/Audiotent - Hypnosis/Rhythmic Textures/04 AT Hypnosis Texture - Modular 137.wav,Loop,7.01,35,68.91
/Users/jannikassfalg/Documents/Sample Packs/Audiotent - Hypnosis/Rhythmic Textures/27 AT Hypnosis Texture - Future 137.wav,Loop,7.01,16,68.91
/Users/jannikassfalg/Documents/Sample Packs/Audiotent - Hypnosis/Rhythmic Textures/09 AT Hypnosis Texture - Dark 137.wav,One-Shot,7.01,55,109.96
/Users/jannikassfalg/Documents/Sample Packs/Audiotent - Hypnosis/Rhythmic Textures/36 AT Hypnosis Texture - Paradox 137.wav,Loop,7.01,60,136.0
/Users/jannikassfalg/Documents/Sample Packs/Audiotent - Hypnosis/Rhythmic Textures/01 AT Hypnosis Texture - Solid 137.wav,One-Shot,7.01,63,109.96
/Users/jannikassfalg/Documents/Sample Packs/Audiotent - Hypnosis/Rhythmic Textures/19 AT Hypnosis Texture - Blip 137.wav,Loop,7.01,20,68.91
/Users/jannikassfalg/Documents/Sample Packs/Audiotent - Hypnosis/Rhythmic Textures/15 AT Hypnosis Texture - Teleport 137.wav,One-Shot,7.01,63,109.96
/Users/jannikassfalg/Documents/Sample Packs/Audiotent - Hypnosis/Rhythmic Textures/26 AT Hypnosis Texture - Cave 137.wav,One-Shot,7.01,25,92.29
/Users/jannikassfalg/Documents/Sample Packs/Audiotent - Hypnosis/Rhythmic Textures/25 AT Hypnosis Texture - Echoleffe 137.wav,Loop,7.01,64,136.0
/Users/jannikassfalg/Documents/Sample Packs/Audiotent - Hypnosis/Rhythmic Textures/18 AT Hypnosis Texture - Stable 137.wav,Loop,7.01,56,136.0
/Users/jannikassfalg/Documents/Sample Packs/Audiotent - Hypnosis/Rhythmic Textures/30 AT Hypnosis Texture - Mechanics 137.wav,Loop,7.01,63,136.0
/Users/jannikassfalg/Documents/Sample Packs/Audiotent - Hypnosis/Rhythmic Textures/05 AT Hypnosis Texture - Hypnotik 137.wav,Loop,7.01,53,68.91
/Users/jannikassfalg/Documents/Sample Packs/Audiotent - Hypnosis/Rhythmic Textures/03 AT Hypnosis Texture - Dirty 137.wav,Loop,7.01,64,136.0
/Users/jannikassfalg/Documents/Sample Packs/Audiotent - Hypnosis/Rhythmic Textures/16 AT Hypnosis Texture - Drive 137.wav,Loop,7.01,63,136.0
/Users/jannikassfalg/Documents/Sample Packs/Audiotent - Hypnosis/Rhythmic Textures/14 AT Hypnosis Texture - Abyss 137.wav,Loop,14.01,40,68.91
/Users/jannikassfalg/Documents/Sample Packs/Audiotent - Hypnosis/Rhythmic Textures/17 AT Hypnosis Texture - Washed 137.wav,One-Shot,7.01,59,109.96
/Users/jannikassfalg/Documents/Sample Packs/Audiotent - Hypnosis/Rhythmic Textures/24 AT Hypnosis Texture - Tube 137.wav,Loop,7.01,64,136.0
/Users/jannikassfalg/Documents/Sample Packs/Audiotent - Hypnosis/Rhythmic Textures/32 AT Hypnosis Texture - Reverse 137.wav,Loop,7.01,63,136.0
/Users/jannikassfalg/Documents/Sample Packs/Audiotent - Hypnosis/Rhythmic Textures/13 AT Hypnosis Texture - Sequenced 137.wav,One-Shot,7.01,63,109.96
/Users/jannikassfalg/Documents/Sample Packs/Audiotent - Hypnosis/Rhythmic Textures/23 AT Hypnosis Texture - Variance 137.wav,One-Shot,7.01,14,184.57
/Users/jannikassfalg/Documents/Sample Packs/Audiotent - Hypnosis/Rhythmic Textures/37 AT Hypnosis Texture - Explorer 137.wav,One-Shot,7.01,56,109.96
/Users/jannikassfalg/Documents/Sample Packs/Audiotent - Hypnosis/Drum Loops/019 AT Hypnosis Drum - Void 137 Full.wav,Loop,7.01,41,136.0
/Users/jannikassfalg/Documents/Sample Packs/Audiotent - Hypnosis/Drum Loops/086 AT Hypnosis Drum - Pattern 137 Hat.wav,Loop,7.01,16,136.0
/Users/jannikassfalg/Documents/Sample Packs/Audiotent - Hypnosis/Drum Loops/186 AT Hypnosis Drum - Path 137 Strp.wav,Loop,7.01,30,136.0
/Users/jannikassfalg/Documents/Sample Packs/Audiotent - Hypnosis/Drum Loops/014 AT Hypnosis Drum - Input 137 Hat.wav,Loop,7.01,32,136.0
/Users/jannikassfalg/Documents/Sample Packs/Audiotent - Hypnosis/Drum Loops/038 AT Hypnosis Drum - Rider 137 Hat.wav,Loop,7.01,33,136.0
/Users/jannikassfalg/Documents/Sample Packs/Audiotent - Hypnosis/Drum Loops/204 AT Hypnosis Drum - Resonator 137 Strp.wav,Loop,7.01,59,136.0
/Users/jannikassfalg/Documents/Sample Packs/Audiotent - Hypnosis/Drum Loops/218 AT Hypnosis Drum - Interference 137 Hat.wav,Loop,7.01,63,136.0
/Users/jannikassfalg/Documents/Sample Packs/Audiotent - Hypnosis/Drum Loops/211 AT Hypnosis Drum - Tape 137 Full.wav,Loop,7.01,53,136.0
/Users/jannikassfalg/Documents/Sample Packs/Audiotent - Hypnosis/Drum Loops/159 AT Hypnosis Drum - Voltage 137 Kick.wav,Loop,7.01,15,136.0
/Users/jannikassfalg/Documents/Sample Packs/Audiotent - Hypnosis/Drum Loops/173 AT Hypnosis Drum - Pierce 137 Perc.wav,Loop,7.01,63,136.0
/Users/jannikassfalg/Documents/Sample Packs/Audiotent - Hypnosis/Drum Loops/062 AT Hypnosis Drum - Collapse 137 Hat.wav,Loop,7.01,18,136.0
/Users/jannikassfalg/Documents/Sample Packs/Audiotent - Hypnosis/Drum Loops/063 AT Hypnosis Drum - Collapse 137 Kick.wav,Loop,7.01,15,136.0
/Users/jannikassfalg/Documents/Sample Packs/Audiotent - Hypnosis/Drum Loops/163 AT Hypnosis Drum - Signal 137 Full.wav,Loop,7.01,57,136.0
/Users/jannikassfalg/Documents/Sample Packs/Audiotent - Hypnosis/Drum Loops/009 AT Hypnosis Drum - Over 137 Kick.wav,Loop,7.01,19,136.0
/Users/jannikassfalg/Documents/Sample Packs/Audiotent - Hypnosis/Drum Loops/187 AT Hypnosis Drum - Paradox 137 Full.wav,Loop,7.01,44,136.0
/Users/jannikassfalg/Documents/Sample Packs/Audiotent - Hypnosis/Drum Loops/024 AT Hypnosis Drum - Void 137 Strp.wav,Loop,7.01,44,136.0
/Users/jannikassfalg/Documents/Sample Packs/Audiotent - Hypnosis/Drum Loops/124 AT Hypnosis Drum - Koln 137 No Kick.wav,Loop,7.01,48,136.0
/Users/jannikassfalg/Documents/Sample Packs/Audiotent - Hypnosis/Drum Loops/127 AT Hypnosis Drum - Future 137 Full.wav,Loop,7.01,47,136.0
/Users/jannikassfalg/Documents/Sample Packs/Audiotent - Hypnosis/Drum Loops/184 AT Hypnosis Drum - Path 137 No Kick.wav,Loop,7.01,55,136.0
/Users/jannikassfalg/Documents/Sample Packs/Audiotent - Hypnosis/Drum Loops/103 AT Hypnosis Drum - Altering 137 Full.wav,Loop,7.01,53,136.0
/Users/jannikassfalg/Documents/Sample Packs/Audiotent - Hypnosis/Drum Loops/057 AT Hypnosis Drum - Optic 137 Kick.wav,Loop,7.01,16,136.0
/Users/jannikassfalg/Documents/Sample Packs/Audiotent - Hypnosis/Drum Loops/131 AT Hypnosis Drum - Future 137 Perc.wav,Loop,7.01,16,272.0
/Users/jannikassfalg/Documents/Sample Packs/Audiotent - Hypnosis/Drum Loops/090 AT Hypnosis Drum - Pattern 137 Strp.wav,Loop,7.01,64,136.0
/Users/jannikassfalg/Documents/Sample Packs/Audiotent - Hypnosis/Drum Loops/072 AT Hypnosis Drum - Vortex 137 Strp.wav,Loop,7.01,67,136.0
/Users/jannikassfalg/Documents/Sample Packs/Audiotent - Hypnosis/Drum Loops/123 AT Hypnosis Drum - Koln 137 Kick.wav,Loop,7.01,15,136.0
/Users/jannikassfalg/Documents/Sample Packs/Audiotent - Hypnosis/Drum Loops/114 AT Hypnosis Drum - Koenig 137 Strp.wav,Loop,7.01,49,68.91
/Users/jannikassfalg/Documents/Sample Packs/Audiotent - Hypnosis/Drum Loops/200 AT Hypnosis Drum - Resonator 137 Hat.wav,Loop,7.01,17,136.0
/Users/jannikassfalg/Documents/Sample Packs/Audiotent - Hypnosis/Drum Loops/165 AT Hypnosis Drum - Signal 137 Kick.wav,Loop,7.01,19,136.0
/Users/jannikassfalg/Documents/Sample Packs/Audiotent - Hypnosis/Drum Loops/130 AT Hypnosis Drum - Future 137 No Kick.wav,Loop,7.01,40,136.0
/Users/jannikassfalg/Documents/Sample Packs/Audiotent - Hypnosis/Drum Loops/012 AT Hypnosis Drum - Over 137 Strp.wav,Loop,7.01,63,109.96
/Users/jannikassfalg/Documents/Sample Packs/Audiotent - Hypnosis/Drum Loops/219 AT Hypnosis Drum - Interference 137 Kick.wav,Loop,7.01,15,136.0
/Users/jannikassfalg/Documents/Sample Packs/Audiotent - Hypnosis/Drum Loops/029 AT Hypnosis Drum - Threshold 137 Perc.wav,Loop,7.01,71,136.0
/Users/jannikassfalg/Documents/Sample Packs/Audiotent - Hypnosis/Drum Loops/108 AT Hypnosis Drum - Altering 137 Strp.wav,Loop,7.01,33,136.0
/Users/jannikassfalg/Documents/Sample Packs/Audiotent - Hypnosis/Drum Loops/033 AT Hypnosis Drum - Turbulence 137 Kick.wav,Loop,7.01,15,136.0
/Users/jannikassfalg/Documents/Sample Packs/Audiotent - Hypnosis/Drum Loops/148 AT Hypnosis Drum - Static 137 No Kick.wav,Loop,7.01,44,136.0
/Users/jannikassfalg/Documents/Sample Packs/Audiotent - Hypnosis/Drum Loops/176 AT Hypnosis Drum - Knot 137 Hat.wav,Loop,7.01,32,136.0
/Users/jannikassfalg/Documents/Sample Packs/Audiotent - Hypnosis/Drum Loops/079 AT Hypnosis Drum - Render 137 Full.wav,Loop,7.01,59,136.0
/Users/jannikassfalg/Documents/Sample Packs/Audiotent - Hypnosis/Drum Loops/107 AT Hypnosis Drum - Altering 137 Perc.wav,Loop,7.01,36,68.91
/Users/jannikassfalg/Documents/Sample Packs/Audiotent - Hypnosis/Drum Loops/157 AT Hypnosis Drum - Voltage 137 Full.wav,Loop,7.01,63,109.96
/Users/jannikassfalg/Documents/Sample Packs/Audiotent - Hypnosis/Drum Loops/161 AT Hypnosis Drum - Voltage 137 Perc.wav,Loop,7.01,8,34.22
/Users/jannikassfalg/Documents/Sample Packs/Audiotent - Hypnosis/Drum Loops/010 AT Hypnosis Drum - Over 137 No Kick.wav,Loop,7.01,63,136.0
/Users/jannikassfalg/Documents/Sample Packs/Audiotent - Hypnosis/Drum Loops/043 AT Hypnosis Drum - Bullet 137 Full.wav,Loop,7.01,56,136.0
/Users/jannikassfalg/Documents/Sample Packs/Audiotent - Hypnosis/Drum Loops/042 AT Hypnosis Drum - Rider 137 Strp.wav,Loop,7.01,30,136.0
/Users/jannikassfalg/Documents/Sample Packs/Audiotent - Hypnosis/Drum Loops/189 AT Hypnosis Drum - Paradox 137 Kick.wav,Loop,7.01,19,136.0
/Users/jannikassfalg/Documents/Sample Packs/Audiotent - Hypnosis/Drum Loops/001 AT Hypnosis Drum - Tube 137 Full.wav,Loop,7.01,42,136.0
/Users/jannikassfalg/Documents/Sample Packs/Audiotent - Hypnosis/Drum Loops/160 AT Hypnosis Drum - Voltage 137 No Kick.wav,Loop,7.01,63,109.96
/Users/jannikassfalg/Documents/Sample Packs/Audiotent - Hypnosis/Drum Loops/040 AT Hypnosis Drum - Rider 137 No Kick.wav,Loop,7.01,64,136.0
/Users/jannikassfalg/Documents/Sample Packs/Audiotent - Hypnosis/Drum Loops/122 AT Hypnosis Drum - Koln 137 Hat.wav,Loop,7.01,17,136.0
/Users/jannikassfalg/Documents/Sample Packs/Audiotent - Hypnosis/Drum Loops/125 AT Hypnosis Drum - Koln 137 Perc.wav,Loop,7.01,66,109.96
/Users/jannikassfalg/Documents/Sample Packs/Audiotent - Hypnosis/Drum Loops/031 AT Hypnosis Drum - Turbulence 137 Full.wav,Loop,7.01,44,136.0
/Users/jannikassfalg/Documents/Sample Packs/Audiotent - Hypnosis/Drum Loops/141 AT Hypnosis Drum - Code 137 Kick.wav,Loop,7.01,16,136.0
/Users/jannikassfalg/Documents/Sample Packs/Audiotent - Hypnosis/Drum Loops/039 AT Hypnosis Drum - Rider 137 Kick.wav,Loop,7.01,15,136.0
/Users/jannikassfalg/Documents/Sample Packs/Audiotent - Hypnosis/Drum Loops/045 AT Hypnosis Drum - Bullet 137 Kick.wav,Loop,7.01,20,136.0
/Users/jannikassfalg/Documents/Sample Packs/Audiotent - Hypnosis/Drum Loops/209 AT Hypnosis Drum - Explorer 137 Perc.wav,Loop,7.01,43,272.0
/Users/jannikassfalg/Documents/Sample Packs/Audiotent - Hypnosis/Drum Loops/145 AT Hypnosis Drum - Static 137 Full.wav,Loop,7.01,51,136.0
/Users/jannikassfalg/Documents/Sample Packs/Audiotent - Hypnosis/Drum Loops/164 AT Hypnosis Drum - Signal 137 Hat.wav,Loop,7.01,39,136.0
/Users/jannikassfalg/Documents/Sample Packs/Audiotent - Hypnosis/Drum Loops/055 AT Hypnosis Drum - Optic 137 Full.wav,Loop,7.01,66,136.0
/Users/jannikassfalg/Documents/Sample Packs/Audiotent - Hypnosis/Drum Loops/177 AT Hypnosis Drum - Knot 137 Kick.wav,Loop,7.01,19,136.0
/Users/jannikassfalg/Documents/Sample Packs/Audiotent - Hypnosis/Drum Loops/136 AT Hypnosis Drum - Sector 137 No Kick.wav,Loop,7.01,46,136.0
/Users/jannikassfalg/Documents/Sample Packs/Audiotent - Hypnosis/Drum Loops/205 AT Hypnosis Drum - Explorer 137 Full.wav,Loop,7.01,65,136.0
/Users/jannikassfalg/Documents/Sample Packs/Audiotent - Hypnosis/Drum Loops/212 AT Hypnosis Drum - Tape 137 Hat.wav,Loop,7.01,56,68.91
/Users/jannikassfalg/Documents/Sample Packs/Audiotent - Hypnosis/Drum Loops/117 AT Hypnosis Drum - Fusion 137 Kick.wav,Loop,7.01,15,136.0
/Users/jannikassfalg/Documents/Sample Packs/Audiotent - Hypnosis/Drum Loops/067 AT Hypnosis Drum - Vortex 137 Full.wav,Loop,7.01,66,136.0
/Users/jannikassfalg/Documents/Sample Packs/Audiotent - Hypnosis/Drum Loops/004 AT Hypnosis Drum - Tube 137 No Kick.wav,Loop,7.01,36,136.0
/Users/jannikassfalg/Documents/Sample Packs/Audiotent - Hypnosis/Drum Loops/162 AT Hypnosis Drum - Voltage 137 Strp.wav,Loop,7.01,63,109.96
/Users/jannikassfalg/Documents/Sample Packs/Audiotent - Hypnosis/Drum Loops/034 AT Hypnosis Drum - Turbulence 137 No Kick.wav,Loop,7.01,48,68.91
/Users/jannikassfalg/Documents/Sample Packs/Audiotent - Hypnosis/Drum Loops/132 AT Hypnosis Drum - Future 137 Strp.wav,Loop,7.01,35,136.0
/Users/jannikassfalg/Documents/Sample Packs/Audiotent - Hypnosis/Drum Loops/214 AT Hypnosis Drum - Tape 137 No Kick.wav,Loop,7.01,48,136.0
/Users/jannikassfalg/Documents/Sample Packs/Audiotent - Hypnosis/Drum Loops/071 AT Hypnosis Drum - Vortex 137 Perc.wav,Loop,7.01,86,136.0
/Users/jannikassfalg/Documents/Sample Packs/Audiotent - Hypnosis/Drum Loops/083 AT Hypnosis Drum - Render 137 Perc.wav,Loop,7.01,62,136.0
/Users/jannikassfalg/Documents/Sample Packs/Audiotent - Hypnosis/Drum Loops/116 AT Hypnosis Drum - Fusion 137 Hat.wav,Loop,7.01,63,136.0
/Users/jannikassfalg/Documents/Sample Packs/Audiotent - Hypnosis/Drum Loops/197 AT Hypnosis Drum - Bark 137 Perc.wav,Loop,7.01,66,90.67
/Users/jannikassfalg/Documents/Sample Packs/Audiotent - Hypnosis/Drum Loops/022 AT Hypnosis Drum - Void 137 No Kick.wav,Loop,7.01,43,136.0
/Users/jannikassfalg/Documents/Sample Packs/Audiotent - Hypnosis/Drum Loops/052 AT Hypnosis Drum - Emphasis 137 No Kick.wav,Loop,7.01,63,136.0
/Users/jannikassfalg/Documents/Sample Packs/Audiotent - Hypnosis/Drum Loops/074 AT Hypnosis Drum - Alert 137 Hat.wav,Loop,7.01,17,136.0
/Users/jannikassfalg/Documents/Sample Packs/Audiotent - Hypnosis/Drum Loops/032 AT Hypnosis Drum - Turbulence 137 Hat.wav,Loop,7.01,48,136.0
/Users/jannikassfalg/Documents/Sample Packs/Audiotent - Hypnosis/Drum Loops/056 AT Hypnosis Drum - Optic 137 Hat.wav,Loop,7.01,76,136.0
/Users/jannikassfalg/Documents/Sample Packs/Audiotent - Hypnosis/Drum Loops/054 AT Hypnosis Drum - Emphasis 137 Strp.wav,Loop,7.01,63,136.0
/Users/jannikassfalg/Documents/Sample Packs/Audiotent - Hypnosis/Drum Loops/030 AT Hypnosis Drum - Threshold 137 Strp.wav,Loop,7.01,52,136.0
/Users/jannikassfalg/Documents/Sample Packs/Audiotent - Hypnosis/Drum Loops/098 AT Hypnosis Drum - Insert 137 Hat.wav,Loop,7.01,63,136.0
/Users/jannikassfalg/Documents/Sample Packs/Audiotent - Hypnosis/Drum Loops/044 AT Hypnosis Drum - Bullet 137 Hat.wav,Loop,7.01,17,136.0
/Users/jannikassfalg/Documents/Sample Packs/Audiotent - Hypnosis/Drum Loops/153 AT Hypnosis Drum - Response 137 Kick.wav,Loop,7.01,15,136.0
/Users/jannikassfalg/Documents/Sample Packs/Audiotent - Hypnosis/Drum Loops/138 AT Hypnosis Drum - Sector 137 Strp.wav,Loop,7.01,39,136.0
/Users/jannikassfalg/Documents/Sample Packs/Audiotent - Hypnosis/Drum Loops/097 AT Hypnosis Drum - Insert 137 Full.wav,Loop,7.01,63,136.0
/Users/jannikassfalg/Documents/Sample Packs/Audiotent - Hypnosis/Drum Loops/013 AT Hypnosis Drum - Input 137 Full.wav,Loop,7.01,64,136.0
/Users/jannikassfalg/Documents/Sample Packs/Audiotent - Hypnosis/Drum Loops/023 AT Hypnosis Drum - Void 137 Perc.wav,Loop,7.01,36,68.91
/Users/jannikassfalg/Documents/Sample Packs/Audiotent - Hypnosis/Drum Loops/202 AT Hypnosis Drum - Resonator 137 No Kick.wav,Loop,7.01,56,136.0
/Users/jannikassfalg/Documents/Sample Packs/Audiotent - Hypnosis/Drum Loops/060 AT Hypnosis Drum - Optic 137 Strp.wav,Loop,7.01,59,109.96
/Users/jannikassfalg/Documents/Sample Packs/Audiotent - Hypnosis/Drum Loops/006 AT Hypnosis Drum - Tube 137 Strp.wav,Loop,7.01,38,136.0
/Users/jannikassfalg/Documents/Sample Packs/Audiotent - Hypnosis/Drum Loops/015 AT Hypnosis Drum - Input 137 Kick.wav,Loop,7.01,15,136.0
/Users/jannikassfalg/Documents/Sample Packs/Audiotent - Hypnosis/Drum Loops/094 AT Hypnosis Drum - Trigger 137 No Kick.wav,Loop,7.01,40,136.0
/Users/jannikassfalg/Documents/Sample Packs/Audiotent - Hypnosis/Drum Loops/150 AT Hypnosis Drum - Static 137 Strp.wav,Loop,7.01,45,136.0
/Users/jannikassfalg/Documents/Sample Packs/Audiotent - Hypnosis/Drum Loops/137 AT Hypnosis Drum - Sector 137 Perc.wav,Loop,7.01,33,34.22
/Users/jannikassfalg/Documents/Sample Packs/Audiotent - Hypnosis/Drum Loops/194 AT Hypnosis Drum - Bark 137 Hat.wav,Loop,7.01,18,136.0
/Users/jannikassfalg/Documents/Sample Packs/Audiotent - Hypnosis/Drum Loops/053 AT Hypnosis Drum - Emphasis 137 Perc.wav,Loop,7.01,64,109.96
/Users/jannikassfalg/Documents/Sample Packs/Audiotent - Hypnosis/Drum Loops/216 AT Hypnosis Drum - Tape 137 Strp.wav,Loop,7.01,49,136.0
/Users/jannikassfalg/Documents/Sample Packs/Audiotent - Hypnosis/Drum Loops/152 AT Hypnosis Drum - Response 137 Hat.wav,Loop,7.01,64,136.0
/Users/jannikassfalg/Documents/Sample Packs/Audiotent - Hypnosis/Drum Loops/178 AT Hypnosis Drum - Knot 137 No Kick.wav,Loop,7.01,63,136.0
/Users/jannikassfalg/Documents/Sample Packs/Audiotent - Hypnosis/Drum Loops/221 AT Hypnosis Drum - Interference 137 Perc.wav,Loop,7.01,55,136.0
/Users/jannikassfalg/Documents/Sample Packs/Audiotent - Hypnosis/Drum Loops/203 AT Hypnosis Drum - Resonator 137 Perc.wav,Loop,7.01,59,109.96
/Users/jannikassfalg/Documents/Sample Packs/Audiotent - Hypnosis/Drum Loops/041 AT Hypnosis Drum - Rider 137 Perc.wav,Loop,7.01,64,109.96
/Users/jannikassfalg/Documents/Sample Packs/Audiotent - Hypnosis/Drum Loops/181 AT Hypnosis Drum - Path 137 Full.wav,Loop,7.01,52,136.0
/Users/jannikassfalg/Documents/Sample Packs/Audiotent - Hypnosis/Drum Loops/017 AT Hypnosis Drum - Input 137 Perc.wav,Loop,7.01,63,136.0
/Users/jannikassfalg/Documents/Sample Packs/Audiotent - Hypnosis/Drum Loops/169 AT Hypnosis Drum - Pierce 137 Full.wav,Loop,7.01,57,136.0
/Users/jannikassfalg/Documents/Sample Packs/Audiotent - Hypnosis/Drum Loops/190 AT Hypnosis Drum - Paradox 137 No Kick.wav,Loop,7.01,45,136.0
/Users/jannikassfalg/Documents/Sample Packs/Audiotent - Hypnosis/Drum Loops/078 AT Hypnosis Drum - Alert 137 Strp.wav,Loop,7.01,23,68.91
/Users/jannikassfalg/Documents/Sample Packs/Audiotent - Hypnosis/Drum Loops/158 AT Hypnosis Drum - Voltage 137 Hat.wav,Loop,7.01,63,109.96
/Users/jannikassfalg/Documents/Sample Packs/Audiotent - Hypnosis/Drum Loops/106 AT Hypnosis Drum - Altering 137 No Kick.wav,Loop,7.01,42,109.96
/Users/jannikassfalg/Documents/Sample Packs/Audiotent - Hypnosis/Drum Loops/149 AT Hypnosis Drum - Static 137 Perc.wav,Loop,7.01,39,109.96
/Users/jannikassfalg/Documents/Sample Packs/Audiotent - Hypnosis/Drum Loops/016 AT Hypnosis Drum - Input 137 No Kick.wav,Loop,7.01,64,136.0
/Users/jannikassfalg/Documents/Sample Packs/Audiotent - Hypnosis/Drum Loops/110 AT Hypnosis Drum - Koenig 137 Hat.wav,Loop,7.01,20,136.0
/Users/jannikassfalg/Documents/Sample Packs/Audiotent - Hypnosis/Drum Loops/027 AT Hypnosis Drum - Threshold 137 Kick.wav,Loop,7.01,16,136.0
/Users/jannikassfalg/Documents/Sample Packs/Audiotent - Hypnosis/Drum Loops/111 AT Hypnosis Drum - Koenig 137 Kick.wav,Loop,7.01,17,136.0
/Users/jannikassfalg/Documents/Sample Packs/Audiotent - Hypnosis/Drum Loops/080 AT Hypnosis Drum - Render 137 Hat.wav,Loop,7.01,34,136.0
/Users/jannikassfalg/Documents/Sample Packs/Audiotent - Hypnosis/Drum Loops/134 AT Hypnosis Drum - Sector 137 Hat.wav,Loop,7.01,23,136.0
/Users/jannikassfalg/Documents/Sample Packs/Audiotent - Hypnosis/Drum Loops/096 AT Hypnosis Drum - Trigger 137 Strp.wav,Loop,7.01,40,136.0
/Users/jannikassfalg/Documents/Sample Packs/Audiotent - Hypnosis/Drum Loops/182 AT Hypnosis Drum - Path 137 Hat.wav,Loop,7.01,29,136.0
/Users/jannikassfalg/Documents/Sample Packs/Audiotent - Hypnosis/Drum Loops/185 AT Hypnosis Drum - Path 137 Perc.wav,Loop,7.01,43,68.91
/Users/jannikassfalg/Documents/Sample Packs/Audiotent - Hypnosis/Drum Loops/174 AT Hypnosis Drum - Pierce 137 Strp.wav,Loop,7.01,56,136.0
/Users/jannikassfalg/Documents/Sample Packs/Audiotent - Hypnosis/Drum Loops/217 AT Hypnosis Drum - Interference 137 Full.wav,Loop,7.01,63,109.96
/Users/jannikassfalg/Documents/Sample Packs/Audiotent - Hypnosis/Drum Loops/026 AT Hypnosis Drum - Threshold 137 Hat.wav,Loop,7.01,63,109.96
/Users/jannikassfalg/Documents/Sample Packs/Audiotent - Hypnosis/Drum Loops/179 AT Hypnosis Drum - Knot 137 Perc.wav,Loop,7.01,20,65.42
/Users/jannikassfalg/Documents/Sample Packs/Audiotent - Hypnosis/Drum Loops/008 AT Hypnosis Drum - Over 137 Hat.wav,Loop,7.01,63,109.96
/Users/jannikassfalg/Documents/Sample Packs/Audiotent - Hypnosis/Drum Loops/002 AT Hypnosis Drum - Tube 137 Hat.wav,Loop,7.01,16,136.0
/Users/jannikassfalg/Documents/Sample Packs/Audiotent - Hypnosis/Drum Loops/206 AT Hypnosis Drum - Explorer 137 Hat.wav,Loop,7.01,25,136.0
/Users/jannikassfalg/Documents/Sample Packs/Audiotent - Hypnosis/Drum Loops/135 AT Hypnosis Drum - Sector 137 Kick.wav,Loop,7.01,15,136.0
/Users/jannikassfalg/Documents/Sample Packs/Audiotent - Hypnosis/Drum Loops/199 AT Hypnosis Drum - Resonator 137 Full.wav,Loop,7.01,60,136.0
/Users/jannikassfalg/Documents/Sample Packs/Audiotent - Hypnosis/Drum Loops/007 AT Hypnosis Drum - Over 137 Full.wav,Loop,7.01,63,136.0
/Users/jannikassfalg/Documents/Sample Packs/Audiotent - Hypnosis/Drum Loops/198 AT Hypnosis Drum - Bark 137 Strp.wav,Loop,7.01,31,136.0
/Users/jannikassfalg/Documents/Sample Packs/Audiotent - Hypnosis/Drum Loops/155 AT Hypnosis Drum - Response 137 Perc.wav,Loop,7.01,53,136.0
/Users/jannikassfalg/Documents/Sample Packs/Audiotent - Hypnosis/Drum Loops/120 AT Hypnosis Drum - Fusion 137 Strp.wav,Loop,7.01,57,109.96
/Users/jannikassfalg/Documents/Sample Packs/Audiotent - Hypnosis/Drum Loops/113 AT Hypnosis Drum - Koenig 137 Perc.wav,Loop,7.01,63,109.96
/Users/jannikassfalg/Documents/Sample Packs/Audiotent - Hypnosis/Drum Loops/073 AT Hypnosis Drum - Alert 137 Full.wav,Loop,7.01,36,90.67
/Users/jannikassfalg/Documents/Sample Packs/Audiotent - Hypnosis/Drum Loops/037 AT Hypnosis Drum - Rider 137 Full.wav,Loop,7.01,63,136.0
/Users/jannikassfalg/Documents/Sample Packs/Audiotent - Hypnosis/Drum Loops/059 AT Hypnosis Drum - Optic 137 Perc.wav,Loop,7.01,56,109.96
/Users/jannikassfalg/Documents/Sample Packs/Audiotent - Hypnosis/Drum Loops/118 AT Hypnosis Drum - Fusion 137 No Kick.wav,Loop,7.01,63,136.0
/Users/jannikassfalg/Documents/Sample Packs/Audiotent - Hypnosis/Drum Loops/076 AT Hypnosis Drum - Alert 137 No Kick.wav,Loop,7.01,34,68.91
/Users/jannikassfalg/Documents/Sample Packs/Audiotent - Hypnosis/Drum Loops/133 AT Hypnosis Drum - Sector 137 Full.wav,Loop,7.01,43,136.0
/Users/jannikassfalg/Documents/Sample Packs/Audiotent - Hypnosis/Drum Loops/011 AT Hypnosis Drum - Over 137 Perc.wav,Loop,7.01,60,136.0
/Users/jannikassfalg/Documents/Sample Packs/Audiotent - Hypnosis/Drum Loops/139 AT Hypnosis Drum - Code 137 Full.wav,Loop,7.01,45,136.0
/Users/jannikassfalg/Documents/Sample Packs/Audiotent - Hypnosis/Drum Loops/146 AT Hypnosis Drum - Static 137 Hat.wav,Loop,7.01,17,136.0
/Users/jannikassfalg/Documents/Sample Packs/Audiotent - Hypnosis/Drum Loops/058 AT Hypnosis Drum - Optic 137 No Kick.wav,Loop,7.01,64,136.0
/Users/jannikassfalg/Documents/Sample Packs/Audiotent - Hypnosis/Drum Loops/142 AT Hypnosis Drum - Code 137 No Kick.wav,Loop,7.01,55,136.0
/Users/jannikassfalg/Documents/Sample Packs/Audiotent - Hypnosis/Drum Loops/100 AT Hypnosis Drum - Insert 137 No Kick.wav,Loop,7.01,63,136.0
/Users/jannikassfalg/Documents/Sample Packs/Audiotent - Hypnosis/Drum Loops/144 AT Hypnosis Drum - Code 137 Strp.wav,Loop,7.01,62,68.91
/Users/jannikassfalg/Documents/Sample Packs/Audiotent - Hypnosis/Drum Loops/193 AT Hypnosis Drum - Bark 137 Full.wav,Loop,7.01,33,136.0
/Users/jannikassfalg/Documents/Sample Packs/Audiotent - Hypnosis/Drum Loops/222 AT Hypnosis Drum - Interference 137 Strp.wav,Loop,7.01,63,109.96
/Users/jannikassfalg/Documents/Sample Packs/Audiotent - Hypnosis/Drum Loops/077 AT Hypnosis Drum - Alert 137 Perc.wav,Loop,7.01,62,68.91
/Users/jannikassfalg/Documents/Sample Packs/Audiotent - Hypnosis/Drum Loops/018 AT Hypnosis Drum - Input 137 Strp.wav,Loop,7.01,34,136.0
/Users/jannikassfalg/Documents/Sample Packs/Audiotent - Hypnosis/Drum Loops/101 AT Hypnosis Drum - Insert 137 Perc.wav,Loop,7.01,63,136.0
/Users/jannikassfalg/Documents/Sample Packs/Audiotent - Hypnosis/Drum Loops/188 AT Hypnosis Drum - Paradox 137 Hat.wav,Loop,7.01,46,136.0
/Users/jannikassfalg/Documents/Sample Packs/Audiotent - Hypnosis/Drum Loops/081 AT Hypnosis Drum - Render 137 Kick.wav,Loop,7.01,15,136.0
/Users/jannikassfalg/Documents/Sample Packs/Audiotent - Hypnosis/Drum Loops/085 AT Hypnosis Drum - Pattern 137 Full.wav,Loop,7.01,64,136.0
/Users/jannikassfalg/Documents/Sample Packs/Audiotent - Hypnosis/Drum Loops/075 AT Hypnosis Drum - Alert 137 Kick.wav,Loop,7.01,15,136.0
/Users/jannikassfalg/Documents/Sample Packs/Audiotent - Hypnosis/Drum Loops/046 AT Hypnosis Drum - Bullet 137 No Kick.wav,Loop,7.01,57,136.0
/Users/jannikassfalg/Documents/Sample Packs/Audiotent - Hypnosis/Drum Loops/166 AT Hypnosis Drum - Signal 137 No Kick.wav,Loop,7.01,56,136.0
/Users/jannikassfalg/Documents/Sample Packs/Audiotent - Hypnosis/Drum Loops/093 AT Hypnosis Drum - Trigger 137 Kick.wav,Loop,7.01,15,136.0
/Users/jannikassfalg/Documents/Sample Packs/Audiotent - Hypnosis/Drum Loops/183 AT Hypnosis Drum - Path 137 Kick.wav,Loop,7.01,15,136.0
/Users/jannikassfalg/Documents/Sample Packs/Audiotent - Hypnosis/Drum Loops/151 AT Hypnosis Drum - Response 137 Full.wav,Loop,7.01,56,136.0
/Users/jannikassfalg/Documents/Sample Packs/Audiotent - Hypnosis/Drum Loops/195 AT Hypnosis Drum - Bark 137 Kick.wav,Loop,7.01,15,136.0
/Users/jannikassfalg/Documents/Sample Packs/Audiotent - Hypnosis/Drum Loops/192 AT Hypnosis Drum - Paradox 137 Strp.wav,Loop,7.01,43,136.0
/Users/jannikassfalg/Documents/Sample Packs/Audiotent - Hypnosis/Drum Loops/049 AT Hypnosis Drum - Emphasis 137 Full.wav,Loop,7.01,63,136.0
/Users/jannikassfalg/Documents/Sample Packs/Audiotent - Hypnosis/Drum Loops/091 AT Hypnosis Drum - Trigger 137 Full.wav,Loop,7.01,39,136.0
/Users/jannikassfalg/Documents/Sample Packs/Audiotent - Hypnosis/Drum Loops/051 AT Hypnosis Drum - Emphasis 137 Kick.wav,Loop,7.01,18,136.0
/Users/jannikassfalg/Documents/Sample Packs/Audiotent - Hypnosis/Drum Loops/128 AT Hypnosis Drum - Future 137 Hat.wav,Loop,7.01,32,136.0
/Users/jannikassfalg/Documents/Sample Packs/Audiotent - Hypnosis/Drum Loops/129 AT Hypnosis Drum - Future 137 Kick.wav,Loop,7.01,15,136.0
/Users/jannikassfalg/Documents/Sample Packs/Audiotent - Hypnosis/Drum Loops/126 AT Hypnosis Drum - Koln 137 Strp.wav,Loop,7.01,30,136.0
/Users/jannikassfalg/Documents/Sample Packs/Audiotent - Hypnosis/Drum Loops/119 AT Hypnosis Drum - Fusion 137 Perc.wav,Loop,7.01,59,136.0
/Users/jannikassfalg/Documents/Sample Packs/Audiotent - Hypnosis/Drum Loops/087 AT Hypnosis Drum - Pattern 137 Kick.wav,Loop,7.01,16,136.0
/Users/jannikassfalg/Documents/Sample Packs/Audiotent - Hypnosis/Drum Loops/154 AT Hypnosis Drum - Response 137 No Kick.wav,Loop,7.01,58,136.0
/Users/jannikassfalg/Documents/Sample Packs/Audiotent - Hypnosis/Drum Loops/089 AT Hypnosis Drum - Pattern 137 Perc.wav,Loop,7.01,63,136.0
/Users/jannikassfalg/Documents/Sample Packs/Audiotent - Hypnosis/Drum Loops/021 AT Hypnosis Drum - Void 137 Kick.wav,Loop,7.01,15,136.0
/Users/jannikassfalg/Documents/Sample Packs/Audiotent - Hypnosis/Drum Loops/156 AT Hypnosis Drum - Response 137 Strp.wav,Loop,7.01,46,136.0
/Users/jannikassfalg/Documents/Sample Packs/Audiotent - Hypnosis/Drum Loops/220 AT Hypnosis Drum - Interference 137 No Kick.wav,Loop,7.01,64,109.96
/Users/jannikassfalg/Documents/Sample Packs/Audiotent - Hypnosis/Drum Loops/065 AT Hypnosis Drum - Collapse 137 Perc.wav,Loop,7.01,55,136.0
/Users/jannikassfalg/Documents/Sample Packs/Audiotent - Hypnosis/Drum Loops/084 AT Hypnosis Drum - Render 137 Strp.wav,Loop,7.01,23,136.0
/Users/jannikassfalg/Documents/Sample Packs/Audiotent - Hypnosis/Drum Loops/207 AT Hypnosis Drum - Explorer 137 Kick.wav,Loop,7.01,19,136.0
/Users/jannikassfalg/Documents/Sample Packs/Audiotent - Hypnosis/Drum Loops/035 AT Hypnosis Drum - Turbulence 137 Perc.wav,Loop,7.01,17,68.91
/Users/jannikassfalg/Documents/Sample Packs/Audiotent - Hypnosis/Drum Loops/168 AT Hypnosis Drum - Signal 137 Strp.wav,Loop,7.01,41,136.0
/Users/jannikassfalg/Documents/Sample Packs/Audiotent - Hypnosis/Drum Loops/213 AT Hypnosis Drum - Tape 137 Kick.wav,Loop,7.01,15,136.0
/Users/jannikassfalg/Documents/Sample Packs/Audiotent - Hypnosis/Drum Loops/143 AT Hypnosis Drum - Code 137 Perc.wav,Loop,7.01,63,136.0
/Users/jannikassfalg/Documents/Sample Packs/Audiotent - Hypnosis/Drum Loops/047 AT Hypnosis Drum - Bullet 137 Perc.wav,Loop,7.01,39,68.91
/Users/jannikassfalg/Documents/Sample Packs/Audiotent - Hypnosis/Drum Loops/020 AT Hypnosis Drum - Void 137 Hat.wav,Loop,7.01,34,136.0
/Users/jannikassfalg/Documents/Sample Packs/Audiotent - Hypnosis/Drum Loops/025 AT Hypnosis Drum - Threshold 137 Full.wav,Loop,7.01,64,136.0
/Users/jannikassfalg/Documents/Sample Packs/Audiotent - Hypnosis/Drum Loops/121 AT Hypnosis Drum - Koln 137 Full.wav,Loop,7.01,51,136.0
/Users/jannikassfalg/Documents/Sample Packs/Audiotent - Hypnosis/Drum Loops/068 AT Hypnosis Drum - Vortex 137 Hat.wav,Loop,7.01,16,136.0
/Users/jannikassfalg/Documents/Sample Packs/Audiotent - Hypnosis/Drum Loops/196 AT Hypnosis Drum - Bark 137 No Kick.wav,Loop,7.01,33,136.0
/Users/jannikassfalg/Documents/Sample Packs/Audiotent - Hypnosis/Drum Loops/191 AT Hypnosis Drum - Paradox 137 Perc.wav,Loop,7.01,39,109.96
/Users/jannikassfalg/Documents/Sample Packs/Audiotent - Hypnosis/Drum Loops/005 AT Hypnosis Drum - Tube 137 Perc.wav,Loop,7.01,37,136.0
/Users/jannikassfalg/Documents/Sample Packs/Audiotent - Hypnosis/Drum Loops/170 AT Hypnosis Drum - Pierce 137 Hat.wav,Loop,7.01,36,136.0
/Users/jannikassfalg/Documents/Sample Packs/Audiotent - Hypnosis/Drum Loops/088 AT Hypnosis Drum - Pattern 137 No Kick.wav,Loop,7.01,64,136.0
/Users/jannikassfalg/Documents/Sample Packs/Audiotent - Hypnosis/Drum Loops/112 AT Hypnosis Drum - Koenig 137 No Kick.wav,Loop,7.01,67,136.0
/Users/jannikassfalg/Documents/Sample Packs/Audiotent - Hypnosis/Drum Loops/070 AT Hypnosis Drum - Vortex 137 No Kick.wav,Loop,7.01,66,136.0
/Users/jannikassfalg/Documents/Sample Packs/Audiotent - Hypnosis/Drum Loops/064 AT Hypnosis Drum - Collapse 137 No Kick.wav,Loop,7.01,53,136.0
/Users/jannikassfalg/Documents/Sample Packs/Audiotent - Hypnosis/Drum Loops/210 AT Hypnosis Drum - Explorer 137 Strp.wav,Loop,7.01,32,136.0
/Users/jannikassfalg/Documents/Sample Packs/Audiotent - Hypnosis/Drum Loops/215 AT Hypnosis Drum - Tape 137 Perc.wav,Loop,7.01,43,109.96
/Users/jannikassfalg/Documents/Sample Packs/Audiotent - Hypnosis/Drum Loops/172 AT Hypnosis Drum - Pierce 137 No Kick.wav,Loop,7.01,62,136.0
/Users/jannikassfalg/Documents/Sample Packs/Audiotent - Hypnosis/Drum Loops/171 AT Hypnosis Drum - Pierce 137 Kick.wav,Loop,7.01,17,136.0
/Users/jannikassfalg/Documents/Sample Packs/Audiotent - Hypnosis/Drum Loops/069 AT Hypnosis Drum - Vortex 137 Kick.wav,Loop,7.01,19,136.0
/Users/jannikassfalg/Documents/Sample Packs/Audiotent - Hypnosis/Drum Loops/082 AT Hypnosis Drum - Render 137 No Kick.wav,Loop,7.01,59,136.0
/Users/jannikassfalg/Documents/Sample Packs/Audiotent - Hypnosis/Drum Loops/201 AT Hypnosis Drum - Resonator 137 Kick.wav,Loop,7.01,15,136.0
/Users/jannikassfalg/Documents/Sample Packs/Audiotent - Hypnosis/Drum Loops/095 AT Hypnosis Drum - Trigger 137 Perc.wav,Loop,7.01,48,68.91
/Users/jannikassfalg/Documents/Sample Packs/Audiotent - Hypnosis/Drum Loops/208 AT Hypnosis Drum - Explorer 137 No Kick.wav,Loop,7.01,57,136.0
/Users/jannikassfalg/Documents/Sample Packs/Audiotent - Hypnosis/Drum Loops/048 AT Hypnosis Drum - Bullet 137 Strp.wav,Loop,7.01,44,136.0
/Users/jannikassfalg/Documents/Sample Packs/Audiotent - Hypnosis/Drum Loops/066 AT Hypnosis Drum - Collapse 137 Strp.wav,Loop,7.01,63,136.0
/Users/jannikassfalg/Documents/Sample Packs/Audiotent - Hypnosis/Drum Loops/050 AT Hypnosis Drum - Emphasis 137 Hat.wav,Loop,7.01,52,136.0
/Users/jannikassfalg/Documents/Sample Packs/Audiotent - Hypnosis/Drum Loops/167 AT Hypnosis Drum - Signal 137 Perc.wav,Loop,7.01,39,68.91
/Users/jannikassfalg/Documents/Sample Packs/Audiotent - Hypnosis/Drum Loops/115 AT Hypnosis Drum - Fusion 137 Full.wav,Loop,7.01,63,109.96
/Users/jannikassfalg/Documents/Sample Packs/Audiotent - Hypnosis/Drum Loops/003 AT Hypnosis Drum - Tube 137 Kick.wav,Loop,7.01,46,136.0
/Users/jannikassfalg/Documents/Sample Packs/Audiotent - Hypnosis/Drum Loops/180 AT Hypnosis Drum - Knot 137 Strp.wav,Loop,7.01,40,136.0
/Users/jannikassfalg/Documents/Sample Packs/Audiotent - Hypnosis/Drum Loops/102 AT Hypnosis Drum - Insert 137 Strp.wav,Loop,7.01,27,136.0
/Users/jannikassfalg/Documents/Sample Packs/Audiotent - Hypnosis/Drum Loops/104 AT Hypnosis Drum - Altering 137 Hat.wav,Loop,7.01,19,136.0
/Users/jannikassfalg/Documents/Sample Packs/Audiotent - Hypnosis/Drum Loops/036 AT Hypnosis Drum - Turbulence 137 Strp.wav,Loop,7.01,25,68.91
/Users/jannikassfalg/Documents/Sample Packs/Audiotent - Hypnosis/Drum Loops/147 AT Hypnosis Drum - Static 137 Kick.wav,Loop,7.01,15,136.0
/Users/jannikassfalg/Documents/Sample Packs/Audiotent - Hypnosis/Drum Loops/092 AT Hypnosis Drum - Trigger 137 Hat.wav,Loop,7.01,17,136.0
/Users/jannikassfalg/Documents/Sample Packs/Audiotent - Hypnosis/Drum Loops/140 AT Hypnosis Drum - Code 137 Hat.wav,Loop,7.01,32,136.0
/Users/jannikassfalg/Documents/Sample Packs/Audiotent - Hypnosis/Drum Loops/109 AT Hypnosis Drum - Koenig 137 Full.wav,Loop,7.01,56,136.0
/Users/jannikassfalg/Documents/Sample Packs/Audiotent - Hypnosis/Drum Loops/175 AT Hypnosis Drum - Knot 137 Full.wav,Loop,7.01,63,136.0
/Users/jannikassfalg/Documents/Sample Packs/Audiotent - Hypnosis/Drum Loops/028 AT Hypnosis Drum - Threshold 137 No Kick.wav,Loop,7.01,64,136.0
/Users/jannikassfalg/Documents/Sample Packs/Audiotent - Hypnosis/Drum Loops/099 AT Hypnosis Drum - Insert 137 Kick.wav,Loop,7.01,15,136.0
/Users/jannikassfalg/Documents/Sample Packs/Audiotent - Hypnosis/Drum Loops/061 AT Hypnosis Drum - Collapse 137 Full.wav,Loop,7.01,60,136.0
/Users/jannikassfalg/Documents/Sample Packs/Audiotent - Hypnosis/Drum Loops/105 AT Hypnosis Drum - Altering 137 Kick.wav,Loop,7.01,15,136.0
/Users/jannikassfalg/Documents/Sample Packs/Audiotent - Hypnosis/FX/27 AT Hypnosis FX - Dispersia 137.wav,Loop,28.03,275,117.45
/Users/jannikassfalg/Documents/Sample Packs/Audiotent - Hypnosis/FX/25 AT Hypnosis FX - Endless 137.wav,Loop,28.03,355,136.0
/Users/jannikassfalg/Documents/Sample Packs/Audiotent - Hypnosis/FX/08 AT Hypnosis FX - Detector 137.wav,Loop,14.01,17,184.57
/Users/jannikassfalg/Documents/Sample Packs/Audiotent - Hypnosis/FX/07 AT Hypnosis FX - Alien 137.wav,One-Shot,7.01,79,114.84
/Users/jannikassfalg/Documents/Sample Packs/Audiotent - Hypnosis/FX/22 AT Hypnosis FX - Analog 137.wav,One-Shot,7.01,27,123.05
/Users/jannikassfalg/Documents/Sample Packs/Audiotent - Hypnosis/FX/15 AT Hypnosis FX - Cold 137.wav,Loop,7.01,15,246.09
/Users/jannikassfalg/Documents/Sample Packs/Audiotent - Hypnosis/FX/12 AT Hypnosis FX - Void 137.wav,Loop,14.01,37,136.0
/Users/jannikassfalg/Documents/Sample Packs/Audiotent - Hypnosis/FX/09 AT Hypnosis FX - Abyss 137.wav,Loop,7.01,16,304.0
/Users/jannikassfalg/Documents/Sample Packs/Audiotent - Hypnosis/FX/28 AT Hypnosis FX - Roland 137.wav,Loop,14.01,14,120.19
/Users/jannikassfalg/Documents/Sample Packs/Audiotent - Hypnosis/FX/34 AT Hypnosis FX - Snake 137.wav,Loop,14.01,36,178.21
/Users/jannikassfalg/Documents/Sample Packs/Audiotent - Hypnosis/FX/26 AT Hypnosis FX - Static 137.wav,One-Shot,7.01,42,184.57
/Users/jannikassfalg/Documents/Sample Packs/Audiotent - Hypnosis/FX/36 AT Hypnosis FX - Machinedrum 137.wav,One-Shot,14.01,115,109.96
/Users/jannikassfalg/Documents/Sample Packs/Audiotent - Hypnosis/FX/01 AT Hypnosis FX - Panic 137.wav,Loop,14.01,143,84.72
/Users/jannikassfalg/Documents/Sample Packs/Audiotent - Hypnosis/FX/33 AT Hypnosis FX - Ambience 137.wav,Loop,14.01,49,68.91
/Users/jannikassfalg/Documents/Sample Packs/Audiotent - Hypnosis/FX/13 AT Hypnosis FX - Splash 137.wav,Loop,14.01,4,68.0
/Users/jannikassfalg/Documents/Sample Packs/Audiotent - Hypnosis/FX/31 AT Hypnosis FX - Metallic 137.wav,Loop,7.01,77,136.0
/Users/jannikassfalg/Documents/Sample Packs/Audiotent - Hypnosis/FX/23 AT Hypnosis FX - Rate 137.wav,Loop,14.01,110,123.05
/Users/jannikassfalg/Documents/Sample Packs/Audiotent - Hypnosis/FX/32 AT Hypnosis FX - Reverse 137.wav,Loop,7.01,5,287.11
/Users/jannikassfalg/Documents/Sample Packs/Audiotent - Hypnosis/FX/06 AT Hypnosis FX - Modular 137.wav,Loop,7.01,51,136.0
/Users/jannikassfalg/Documents/Sample Packs/Audiotent - Hypnosis/FX/17 AT Hypnosis FX - Light 137.wav,One-Shot,7.01,1,191.41
/Users/jannikassfalg/Documents/Sample Packs/Audiotent - Hypnosis/FX/24 AT Hypnosis FX - Mechanic 137.wav,Loop,7.01,43,136.0
/Users/jannikassfalg/Documents/Sample Packs/Audiotent - Hypnosis/FX/10 AT Hypnosis FX - Supermassive 137.wav,Loop,14.01,78,136.0
/Users/jannikassfalg/Documents/Sample Packs/Audiotent - Hypnosis/FX/03 AT Hypnosis FX - Rider 137.wav,Loop,7.01,16,136.0
/Users/jannikassfalg/Documents/Sample Packs/Audiotent - Hypnosis/FX/35 AT Hypnosis FX - Neutron 137.wav,Loop,14.01,53,206.72
/Users/jannikassfalg/Documents/Sample Packs/Audiotent - Hypnosis/FX/05 AT Hypnosis FX - State 137.wav,Loop,7.01,47,68.0
/Users/jannikassfalg/Documents/Sample Packs/Audiotent - Hypnosis/FX/04 AT Hypnosis FX - Relab 137.wav,One-Shot,7.01,8,86.13
/Users/jannikassfalg/Documents/Sample Packs/Audiotent - Hypnosis/FX/20 AT Hypnosis FX - Tube 137.wav,One-Shot,7.01,15,126.05
/Users/jannikassfalg/Documents/Sample Packs/Audiotent - Hypnosis/FX/16 AT Hypnosis FX - Bug 137.wav,One-Shot,7.01,46,152.0
/Users/jannikassfalg/Documents/Sample Packs/Audiotent - Hypnosis/FX/21 AT Hypnosis FX - Night 137.wav,One-Shot,14.01,116,58.07
/Users/jannikassfalg/Documents/Sample Packs/Audiotent - Hypnosis/FX/30 AT Hypnosis FX - Underwater 137.wav,Loop,14.01,31,224.69
/Users/jannikassfalg/Documents/Sample Packs/Audiotent - Hypnosis/FX/37 AT Hypnosis FX - Wide 137.wav,Loop,14.01,41,184.57
/Users/jannikassfalg/Documents/Sample Packs/Audiotent - Hypnosis/FX/02 AT Hypnosis FX - LFO 137.wav,Loop,14.01,55,215.33
/Users/jannikassfalg/Documents/Sample Packs/Audiotent - Hypnosis/FX/29 AT Hypnosis FX - Dissolve 137.wav,Loop,14.01,78,87.59
/Users/jannikassfalg/Documents/Sample Packs/Audiotent - Hypnosis/FX/11 AT Hypnosis FX - Enter 137.wav,Loop,14.01,160,67.12
/Users/jannikassfalg/Documents/Sample Packs/Audiotent - Hypnosis/FX/14 AT Hypnosis FX - Fuzzy 137.wav,Loop,14.01,50,120.19
/Users/jannikassfalg/Documents/Sample Packs/Audiotent - Hypnosis/FX/18 AT Hypnosis FX - Liquid 137.wav,One-Shot,7.01,7,112.35
/Users/jannikassfalg/Documents/Sample Packs/Audiotent - Hypnosis/FX/19 AT Hypnosis FX - Over 137.wav,Loop,7.01,5,287.11
/Users/jannikassfalg/Documents/Sample Packs/Audiotent - Hypnosis/Chord Loops/35 AT Hypnosis Chord - Fire 137 F.wav,Loop,7.01,28,90.67
/Users/jannikassfalg/Documents/Sample Packs/Audiotent - Hypnosis/Chord Loops/31 AT Hypnosis Chord - Mood 137 G.wav,Loop,7.01,6,34.22
/Users/jannikassfalg/Documents/Sample Packs/Audiotent - Hypnosis/Chord Loops/06 AT Hypnosis Chord - Klock 137 Cm.wav,Loop,7.01,58,272.0
/Users/jannikassfalg/Documents/Sample Packs/Audiotent - Hypnosis/Chord Loops/37 AT Hypnosis Chord - Galaxy 137 D#m.wav,Loop,14.01,17,92.29
/Users/jannikassfalg/Documents/Sample Packs/Audiotent - Hypnosis/Chord Loops/07 AT Hypnosis Chord - Ripple 137 Cm.wav,Loop,7.01,7,34.22
/Users/jannikassfalg/Documents/Sample Packs/Audiotent - Hypnosis/Chord Loops/18 AT Hypnosis Chord - Tidal 137 Cm.wav,Loop,14.01,28,184.57
/Users/jannikassfalg/Documents/Sample Packs/Audiotent - Hypnosis/Chord Loops/20 AT Hypnosis Chord - Lexicon 137 A.wav,Loop,28.03,65,184.57
/Users/jannikassfalg/Documents/Sample Packs/Audiotent - Hypnosis/Chord Loops/17 AT Hypnosis Chord - Neve 137 C.wav,Loop,7.01,12,92.29
/Users/jannikassfalg/Documents/Sample Packs/Audiotent - Hypnosis/Chord Loops/28 AT Hypnosis Chord - Droid 137 D.wav,Loop,7.01,5,34.22
/Users/jannikassfalg/Documents/Sample Packs/Audiotent - Hypnosis/Chord Loops/25 AT Hypnosis Chord - Tulip 137 Cm.wav,Loop,28.03,17,120.19
/Users/jannikassfalg/Documents/Sample Packs/Audiotent - Hypnosis/Chord Loops/30 AT Hypnosis Chord - Suffice 137 G.wav,Loop,7.01,12,67.12
/Users/jannikassfalg/Documents/Sample Packs/Audiotent - Hypnosis/Chord Loops/21 AT Hypnosis Chord - Atmospheric 137 Gm.wav,Loop,14.01,173,120.19
/Users/jannikassfalg/Documents/Sample Packs/Audiotent - Hypnosis/Chord Loops/11 AT Hypnosis Chord - Drive 137 Dm.wav,Loop,7.01,16,68.91
/Users/jannikassfalg/Documents/Sample Packs/Audiotent - Hypnosis/Chord Loops/05 AT Hypnosis Chord - Fault 137 Fm.wav,Loop,28.03,34,34.22
/Users/jannikassfalg/Documents/Sample Packs/Audiotent - Hypnosis/Chord Loops/26 AT Hypnosis Chord - Layers 137 Gm.wav,Loop,14.01,48,109.96
/Users/jannikassfalg/Documents/Sample Packs/Audiotent - Hypnosis/Chord Loops/24 AT Hypnosis Chord - Esoteric 137 A#.wav,Loop,7.01,16,68.91
/Users/jannikassfalg/Documents/Sample Packs/Audiotent - Hypnosis/Chord Loops/33 AT Hypnosis Chord - Cycle 137 Dm.wav,Loop,7.01,8,90.67
/Users/jannikassfalg/Documents/Sample Packs/Audiotent - Hypnosis/Chord Loops/03 AT Hypnosis Chord - Deeper 137 Cm.wav,Loop,7.01,23,0.0
/Users/jannikassfalg/Documents/Sample Packs/Audiotent - Hypnosis/Chord Loops/02 AT Hypnosis Chord - Swoops 137 D.wav,Loop,14.01,28,36.65
/Users/jannikassfalg/Documents/Sample Packs/Audiotent - Hypnosis/Chord Loops/01 AT Hypnosis Chord - Pierce 137 C#.wav,Loop,28.03,23,34.22
/Users/jannikassfalg/Documents/Sample Packs/Audiotent - Hypnosis/Chord Loops/08 AT Hypnosis Chord - Damage 137 Dm.wav,Loop,7.01,8,34.22
/Users/jannikassfalg/Documents/Sample Packs/Audiotent - Hypnosis/Chord Loops/19 AT Hypnosis Chord - Trend 137 Gm.wav,Loop,7.01,38,184.57
/Users/jannikassfalg/Documents/Sample Packs/Audiotent - Hypnosis/Chord Loops/12 AT Hypnosis Chord - Juno 137 Am.wav,Loop,7.01,8,178.21
/Users/jannikassfalg/Documents/Sample Packs/Audiotent - Hypnosis/Chord Loops/15 AT Hypnosis Chord - Blocked 137 F#.wav,Loop,7.01,7,34.22
/Users/jannikassfalg/Documents/Sample Packs/Audiotent - Hypnosis/Chord Loops/13 AT Hypnosis Chord - Filtered 137 Bm.wav,Loop,7.01,26,0.0
/Users/jannikassfalg/Documents/Sample Packs/Audiotent - Hypnosis/Chord Loops/23 AT Hypnosis Chord - Spectre 137 A.wav,Loop,7.01,8,178.21
/Users/jannikassfalg/Documents/Sample Packs/Audiotent - Hypnosis/Chord Loops/14 AT Hypnosis Chord - Waldorf 137 Cm.wav,Loop,14.01,20,34.22
/Users/jannikassfalg/Documents/Sample Packs/Audiotent - Hypnosis/Chord Loops/09 AT Hypnosis Chord - Modular 137 Cm.wav,Loop,28.03,193,109.96
/Users/jannikassfalg/Documents/Sample Packs/Audiotent - Hypnosis/Chord Loops/22 AT Hypnosis Chord - Liquid 137 A#.wav,Loop,14.01,54,49.69
/Users/jannikassfalg/Documents/Sample Packs/Audiotent - Hypnosis/Chord Loops/36 AT Hypnosis Chord - Arcadia 137 Em.wav,Loop,7.01,14,172.27
/Users/jannikassfalg/Documents/Sample Packs/Audiotent - Hypnosis/Chord Loops/16 AT Hypnosis Chord - Eclipse 137 Gm.wav,Loop,14.01,88,184.57
/Users/jannikassfalg/Documents/Sample Packs/Audiotent - Hypnosis/Chord Loops/04 AT Hypnosis Chord - Pattern 137 C#.wav,Loop,14.01,63,184.57
/Users/jannikassfalg/Documents/Sample Packs/Audiotent - Hypnosis/Chord Loops/34 AT Hypnosis Chord - Cage 137 A.wav,Loop,14.01,16,54.98
/Users/jannikassfalg/Documents/Sample Packs/Audiotent - Hypnosis/Chord Loops/29 AT Hypnosis Chord - Fold 137 E.wav,Loop,7.01,7,258.4
/Users/jannikassfalg/Documents/Sample Packs/Audiotent - Hypnosis/Chord Loops/27 AT Hypnosis Chord - Telefunken 137 F#m.wav,Loop,14.01,29,178.21
/Users/jannikassfalg/Documents/Sample Packs/Audiotent - Hypnosis/Chord Loops/10 AT Hypnosis Chord - Glider 137 Cm.wav,Loop,7.01,2,178.21
/Users/jannikassfalg/Documents/Sample Packs/Audiotent - Hypnosis/Chord Loops/32 AT Hypnosis Chord - Code 137 G.wav,Loop,7.01,12,90.67
/Users/jannikassfalg/Documents/Sample Packs/Audiotent - Hypnosis/Percussion Loops/01 AT Hypnosis Percussion - Heavy 137.wav,Loop,7.01,46,272.0
/Users/jannikassfalg/Documents/Sample Packs/Audiotent - Hypnosis/Percussion Loops/35 AT Hypnosis Percussion - Light 137.wav,Loop,7.01,52,109.96
/Users/jannikassfalg/Documents/Sample Packs/Audiotent - Hypnosis/Percussion Loops/09 AT Hypnosis Percussion - Ring 137.wav,Loop,7.01,28,78.3
/Users/jannikassfalg/Documents/Sample Packs/Audiotent - Hypnosis/Percussion Loops/30 AT Hypnosis Percussion - Shaman 137.wav,Loop,7.01,8,258.4
/Users/jannikassfalg/Documents/Sample Packs/Audiotent - Hypnosis/Percussion Loops/16 AT Hypnosis Percussion - Repeat 137.wav,Loop,7.01,39,136.0
/Users/jannikassfalg/Documents/Sample Packs/Audiotent - Hypnosis/Percussion Loops/06 AT Hypnosis Percussion - Mechanic 137.wav,Loop,7.01,6,78.3
/Users/jannikassfalg/Documents/Sample Packs/Audiotent - Hypnosis/Percussion Loops/22 AT Hypnosis Percussion - Basement 137.wav,Loop,7.01,35,109.96
/Users/jannikassfalg/Documents/Sample Packs/Audiotent - Hypnosis/Percussion Loops/19 AT Hypnosis Percussion - Solid 137.wav,Loop,7.01,24,136.0
/Users/jannikassfalg/Documents/Sample Packs/Audiotent - Hypnosis/Percussion Loops/28 AT Hypnosis Percussion - Tribe 137.wav,Loop,7.01,47,136.0
/Users/jannikassfalg/Documents/Sample Packs/Audiotent - Hypnosis/Percussion Loops/07 AT Hypnosis Percussion - Modular 137.wav,Loop,7.01,18,272.0
/Users/jannikassfalg/Documents/Sample Packs/Audiotent - Hypnosis/Percussion Loops/23 AT Hypnosis Percussion - Direct 137.wav,Loop,7.01,45,109.96
/Users/jannikassfalg/Documents/Sample Packs/Audiotent - Hypnosis/Percussion Loops/04 AT Hypnosis Percussion - Wonky 137.wav,Loop,7.01,55,109.96
/Users/jannikassfalg/Documents/Sample Packs/Audiotent - Hypnosis/Percussion Loops/13 AT Hypnosis Percussion - Filtered 137.wav,Loop,7.01,66,136.0
/Users/jannikassfalg/Documents/Sample Packs/Audiotent - Hypnosis/Percussion Loops/02 AT Hypnosis Percussion - Panic 137.wav,Loop,7.01,38,109.96
/Users/jannikassfalg/Documents/Sample Packs/Audiotent - Hypnosis/Percussion Loops/29 AT Hypnosis Percussion - Mooger 137.wav,Loop,7.01,63,136.0
/Users/jannikassfalg/Documents/Sample Packs/Audiotent - Hypnosis/Percussion Loops/10 AT Hypnosis Percussion - Technics 137.wav,Loop,7.01,22,184.57
/Users/jannikassfalg/Documents/Sample Packs/Audiotent - Hypnosis/Percussion Loops/34 AT Hypnosis Percussion - Protection 137.wav,Loop,7.01,15,272.0
/Users/jannikassfalg/Documents/Sample Packs/Audiotent - Hypnosis/Percussion Loops/15 AT Hypnosis Percussion - Parade 137.wav,Loop,7.01,46,136.0
/Users/jannikassfalg/Documents/Sample Packs/Audiotent - Hypnosis/Percussion Loops/37 AT Hypnosis Percussion - Contour 137.wav,Loop,7.01,24,107.67
/Users/jannikassfalg/Documents/Sample Packs/Audiotent - Hypnosis/Percussion Loops/33 AT Hypnosis Percussion - Nine 137.wav,Loop,7.01,26,184.57
/Users/jannikassfalg/Documents/Sample Packs/Audiotent - Hypnosis/Percussion Loops/14 AT Hypnosis Percussion - Roland 137.wav,Loop,7.01,60,136.0
/Users/jannikassfalg/Documents/Sample Packs/Audiotent - Hypnosis/Percussion Loops/25 AT Hypnosis Percussion - Scream 137.wav,Loop,7.01,56,136.0
/Users/jannikassfalg/Documents/Sample Packs/Audiotent - Hypnosis/Percussion Loops/24 AT Hypnosis Percussion - Reversed 137.wav,Loop,7.01,67,109.96
/Users/jannikassfalg/Documents/Sample Packs/Audiotent - Hypnosis/Percussion Loops/31 AT Hypnosis Percussion - Zapper 137.wav,Loop,7.01,20,136.0
/Users/jannikassfalg/Documents/Sample Packs/Audiotent - Hypnosis/Percussion Loops/17 AT Hypnosis Percussion - Pin 137.wav,Loop,7.01,43,78.3
/Users/jannikassfalg/Documents/Sample Packs/Audiotent - Hypnosis/Percussion Loops/32 AT Hypnosis Percussion - Crack 137.wav,Loop,7.01,12,34.22
/Users/jannikassfalg/Documents/Sample Packs/Audiotent - Hypnosis/Percussion Loops/20 AT Hypnosis Percussion - Fused 137.wav,Loop,7.01,23,68.91
/Users/jannikassfalg/Documents/Sample Packs/Audiotent - Hypnosis/Percussion Loops/18 AT Hypnosis Percussion - Melodic 137.wav,Loop,7.01,12,136.0
/Users/jannikassfalg/Documents/Sample Packs/Audiotent - Hypnosis/Percussion Loops/36 AT Hypnosis Percussion - Attenuator 137.wav,Loop,7.01,63,109.96
/Users/jannikassfalg/Documents/Sample Packs/Audiotent - Hypnosis/Percussion Loops/05 AT Hypnosis Percussion - Relab 137.wav,Loop,7.01,12,34.22
/Users/jannikassfalg/Documents/Sample Packs/Audiotent - Hypnosis/Percussion Loops/27 AT Hypnosis Percussion - Minimal 137.wav,Loop,7.01,48,136.0
/Users/jannikassfalg/Documents/Sample Packs/Audiotent - Hypnosis/Percussion Loops/26 AT Hypnosis Percussion - Noise 137.wav,Loop,7.01,39,136.0
/Users/jannikassfalg/Documents/Sample Packs/Audiotent - Hypnosis/Percussion Loops/08 AT Hypnosis Percussion - Fooger 137.wav,Loop,7.01,39,109.96
/Users/jannikassfalg/Documents/Sample Packs/Audiotent - Hypnosis/Percussion Loops/21 AT Hypnosis Percussion - Fragments 137.wav,Loop,14.01,58,68.91
/Users/jannikassfalg/Documents/Sample Packs/Audiotent - Hypnosis/Percussion Loops/12 AT Hypnosis Percussion - Valhalla 137.wav,Loop,7.01,24,178.21
/Users/jannikassfalg/Documents/Sample Packs/Audiotent - Hypnosis/Percussion Loops/03 AT Hypnosis Percussion - Line 137.wav,Loop,7.01,37,68.91
/Users/jannikassfalg/Documents/Sample Packs/Audiotent - Hypnosis/Percussion Loops/11 AT Hypnosis Percussion - Vermona 137.wav,Loop,14.01,48,184.57
/Users/jannikassfalg/Documents/Sample Packs/Audiotent - Hypnosis/Pad Loops/14 AT Hypnosis Pad - Parallax 137 Fm.wav,Loop,7.01,4,136.0
/Users/jannikassfalg/Documents/Sample Packs/Audiotent - Hypnosis/Pad Loops/07 AT Hypnosis Pad - Wide 137 F.wav,Loop,14.01,25,34.22
/Users/jannikassfalg/Documents/Sample Packs/Audiotent - Hypnosis/Pad Loops/24 AT Hypnosis Pad - Tide 137 D#m.wav,Loop,14.01,205,0.0
/Users/jannikassfalg/Documents/Sample Packs/Audiotent - Hypnosis/Pad Loops/03 AT Hypnosis Pad - Attack 137 A#.wav,Loop,7.01,35,92.29
/Users/jannikassfalg/Documents/Sample Packs/Audiotent - Hypnosis/Pad Loops/34 AT Hypnosis Pad - Fishnet 137 C.wav,Loop,14.01,116,178.21
/Users/jannikassfalg/Documents/Sample Packs/Audiotent - Hypnosis/Pad Loops/15 AT Hypnosis Pad - Template 137 Bm.wav,Loop,14.01,7,272.0
/Users/jannikassfalg/Documents/Sample Packs/Audiotent - Hypnosis/Pad Loops/26 AT Hypnosis Pad - Eclipse 137 Gm.wav,Loop,14.01,136,161.5
/Users/jannikassfalg/Documents/Sample Packs/Audiotent - Hypnosis/Pad Loops/36 AT Hypnosis Pad - Percolate 137 C#.wav,Loop,14.01,63,166.71
/Users/jannikassfalg/Documents/Sample Packs/Audiotent - Hypnosis/Pad Loops/04 AT Hypnosis Pad - Arrival 137 D#m.wav,Loop,14.01,112,86.13
/Users/jannikassfalg/Documents/Sample Packs/Audiotent - Hypnosis/Pad Loops/33 AT Hypnosis Pad - Misdirection 137 C.wav,Loop,14.01,154,74.9
/Users/jannikassfalg/Documents/Sample Packs/Audiotent - Hypnosis/Pad Loops/30 AT Hypnosis Pad - Clouds 137 Gm.wav,Loop,7.01,2,117.45
/Users/jannikassfalg/Documents/Sample Packs/Audiotent - Hypnosis/Pad Loops/01 AT Hypnosis Pad - Layers 137 Cm.wav,Loop,14.01,112,109.96
/Users/jannikassfalg/Documents/Sample Packs/Audiotent - Hypnosis/Pad Loops/35 AT Hypnosis Pad - Future 137 D.wav,Loop,14.01,132,120.19
/Users/jannikassfalg/Documents/Sample Packs/Audiotent - Hypnosis/Pad Loops/02 AT Hypnosis Pad - Oberheim 137 Cm.wav,Loop,14.01,98,224.69
/Users/jannikassfalg/Documents/Sample Packs/Audiotent - Hypnosis/Pad Loops/37 AT Hypnosis Pad - Isochronus 137 C#.wav,Loop,28.03,197,112.35
/Users/jannikassfalg/Documents/Sample Packs/Audiotent - Hypnosis/Pad Loops/10 AT Hypnosis Pad - Circuit 137 G.wav,Loop,14.01,18,34.22
/Users/jannikassfalg/Documents/Sample Packs/Audiotent - Hypnosis/Pad Loops/12 AT Hypnosis Pad - System 137 C.wav,Loop,14.01,179,0.0
/Users/jannikassfalg/Documents/Sample Packs/Audiotent - Hypnosis/Pad Loops/18 AT Hypnosis Pad - Ethereal 137 G.wav,Loop,28.03,18,178.21
/Users/jannikassfalg/Documents/Sample Packs/Audiotent - Hypnosis/Pad Loops/17 AT Hypnosis Pad - Vereor 137 C.wav,Loop,7.01,61,39.15
/Users/jannikassfalg/Documents/Sample Packs/Audiotent - Hypnosis/Pad Loops/23 AT Hypnosis Pad - Obsession 137 A.wav,Loop,14.01,191,0.0
/Users/jannikassfalg/Documents/Sample Packs/Audiotent - Hypnosis/Pad Loops/31 AT Hypnosis Pad - Alarm 137 A#.wav,Loop,14.01,79,26.1
/Users/jannikassfalg/Documents/Sample Packs/Audiotent - Hypnosis/Pad Loops/19 AT Hypnosis Pad - Vacuum 137 A.wav,Loop,14.01,91,246.09
/Users/jannikassfalg/Documents/Sample Packs/Audiotent - Hypnosis/Pad Loops/16 AT Hypnosis Pad - Detroit 137 Fm.wav,Loop,7.01,69,117.45
/Users/jannikassfalg/Documents/Sample Packs/Audiotent - Hypnosis/Pad Loops/21 AT Hypnosis Pad - Dreamer 137 D.wav,Loop,14.01,175,0.0
/Users/jannikassfalg/Documents/Sample Packs/Audiotent - Hypnosis/Pad Loops/06 AT Hypnosis Pad - Dark 137 C.wav,Loop,14.01,48,136.0
/Users/jannikassfalg/Documents/Sample Packs/Audiotent - Hypnosis/Pad Loops/29 AT Hypnosis Pad - Morphing 137 G.wav,Loop,7.01,85,0.0
/Users/jannikassfalg/Documents/Sample Packs/Audiotent - Hypnosis/Pad Loops/20 AT Hypnosis Pad - Rust 137 Dm.wav,Loop,14.01,56,172.27
/Users/jannikassfalg/Documents/Sample Packs/Audiotent - Hypnosis/Pad Loops/08 AT Hypnosis Pad - Opal 137 Dm.wav,Loop,7.01,79,89.1
/Users/jannikassfalg/Documents/Sample Packs/Audiotent - Hypnosis/Pad Loops/22 AT Hypnosis Pad - Parametric 137 F#.wav,Loop,14.01,93,258.4
/Users/jannikassfalg/Documents/Sample Packs/Audiotent - Hypnosis/Pad Loops/09 AT Hypnosis Pad - Feedback 137 G.wav,Loop,14.01,113,45.73
/Users/jannikassfalg/Documents/Sample Packs/Audiotent - Hypnosis/Pad Loops/27 AT Hypnosis Pad - Creep 137 C.wav,Loop,14.01,36,120.19
/Users/jannikassfalg/Documents/Sample Packs/Audiotent - Hypnosis/Pad Loops/11 AT Hypnosis Pad - Distopik 137 Fm.wav,Loop,7.01,90,0.0
/Users/jannikassfalg/Documents/Sample Packs/Audiotent - Hypnosis/Pad Loops/05 AT Hypnosis Pad - Deeper 137 Em.wav,Loop,7.01,21,95.7
/Users/jannikassfalg/Documents/Sample Packs/Audiotent - Hypnosis/Pad Loops/28 AT Hypnosis Pad - Sector 137 A.wav,Loop,7.01,44,99.38
/Users/jannikassfalg/Documents/Sample Packs/Audiotent - Hypnosis/Pad Loops/13 AT Hypnosis Pad - Fire 137 C.wav,Loop,14.01,186,206.72
/Users/jannikassfalg/Documents/Sample Packs/Audiotent - Hypnosis/Pad Loops/25 AT Hypnosis Pad - Volt 137 C#m.wav,Loop,14.01,183,0.0
/Users/jannikassfalg/Documents/Sample Packs/Audiotent - Hypnosis/Pad Loops/32 AT Hypnosis Pad - Dystopia 137 C.wav,Loop,14.01,109,136.0
/Users/jannikassfalg/Documents/Sample Packs/Audiotent - Hypnosis/Drum Hits/Perc/21 AT Hypnosis Perc - Valve.wav,One-Shot,0.5,2,0.0
/Users/jannikassfalg/Documents/Sample Packs/Audiotent - Hypnosis/Drum Hits/Perc/17 AT Hypnosis Perc - Abyss.wav,One-Shot,0.5,2,120.19
/Users/jannikassfalg/Documents/Sample Packs/Audiotent - Hypnosis/Drum Hits/Perc/08 AT Hypnosis Perc - Wide.wav,One-Shot,0.5,2,0.0
/Users/jannikassfalg/Documents/Sample Packs/Audiotent - Hypnosis/Drum Hits/Perc/20 AT Hypnosis Perc - Tribe.wav,One-Shot,0.5,2,0.0
/Users/jannikassfalg/Documents/Sample Packs/Audiotent - Hypnosis/Drum Hits/Perc/32 AT Hypnosis Perc - Tick.wav,One-Shot,0.5,2,120.19
/Users/jannikassfalg/Documents/Sample Packs/Audiotent - Hypnosis/Drum Hits/Perc/33 AT Hypnosis Perc - Sooth.wav,One-Shot,0.5,2,120.19
/Users/jannikassfalg/Documents/Sample Packs/Audiotent - Hypnosis/Drum Hits/Perc/15 AT Hypnosis Perc - Pitched.wav,One-Shot,0.5,1,120.19
/Users/jannikassfalg/Documents/Sample Packs/Audiotent - Hypnosis/Drum Hits/Perc/05 AT Hypnosis Perc - Tonal.wav,One-Shot,0.5,1,120.19
/Users/jannikassfalg/Documents/Sample Packs/Audiotent - Hypnosis/Drum Hits/Perc/34 AT Hypnosis Perc - Filtered.wav,One-Shot,0.5,2,120.19
/Users/jannikassfalg/Documents/Sample Packs/Audiotent - Hypnosis/Drum Hits/Perc/26 AT Hypnosis Perc - Cluster.wav,One-Shot,0.5,1,120.19
/Users/jannikassfalg/Documents/Sample Packs/Audiotent - Hypnosis/Drum Hits/Perc/14 AT Hypnosis Perc - Pentode.wav,One-Shot,0.5,3,0.0
/Users/jannikassfalg/Documents/Sample Packs/Audiotent - Hypnosis/Drum Hits/Perc/31 AT Hypnosis Perc - Block.wav,One-Shot,0.5,1,120.19
/Users/jannikassfalg/Documents/Sample Packs/Audiotent - Hypnosis/Drum Hits/Perc/07 AT Hypnosis Perc - Solid.wav,One-Shot,0.5,6,0.0
/Users/jannikassfalg/Documents/Sample Packs/Audiotent - Hypnosis/Drum Hits/Perc/06 AT Hypnosis Perc - LXR.wav,One-Shot,0.5,2,0.0
/Users/jannikassfalg/Documents/Sample Packs/Audiotent - Hypnosis/Drum Hits/Perc/29 AT Hypnosis Perc - Default.wav,One-Shot,0.5,4,0.0
/Users/jannikassfalg/Documents/Sample Packs/Audiotent - Hypnosis/Drum Hits/Perc/13 AT Hypnosis Perc - Input.wav,One-Shot,0.5,1,0.0
/Users/jannikassfalg/Documents/Sample Packs/Audiotent - Hypnosis/Drum Hits/Perc/09 AT Hypnosis Perc - Vovox.wav,One-Shot,0.5,3,0.0
/Users/jannikassfalg/Documents/Sample Packs/Audiotent - Hypnosis/Drum Hits/Perc/10 AT Hypnosis Perc - Neve.wav,One-Shot,0.5,4,120.19
/Users/jannikassfalg/Documents/Sample Packs/Audiotent - Hypnosis/Drum Hits/Perc/23 AT Hypnosis Perc - Care.wav,One-Shot,0.5,3,0.0
/Users/jannikassfalg/Documents/Sample Packs/Audiotent - Hypnosis/Drum Hits/Perc/25 AT Hypnosis Perc - Saturated.wav,One-Shot,0.5,3,0.0
/Users/jannikassfalg/Documents/Sample Packs/Audiotent - Hypnosis/Drum Hits/Perc/28 AT Hypnosis Perc - Light.wav,One-Shot,0.5,2,0.0
/Users/jannikassfalg/Documents/Sample Packs/Audiotent - Hypnosis/Drum Hits/Perc/19 AT Hypnosis Perc - Atrix.wav,One-Shot,0.5,3,0.0
/Users/jannikassfalg/Documents/Sample Packs/Audiotent - Hypnosis/Drum Hits/Perc/02 AT Hypnosis Perc - Micro.wav,One-Shot,0.5,4,0.0
/Users/jannikassfalg/Documents/Sample Packs/Audiotent - Hypnosis/Drum Hits/Perc/03 AT Hypnosis Perc - Value.wav,One-Shot,0.5,2,0.0
/Users/jannikassfalg/Documents/Sample Packs/Audiotent - Hypnosis/Drum Hits/Perc/18 AT Hypnosis Perc - Modular.wav,One-Shot,0.5,6,120.19
/Users/jannikassfalg/Documents/Sample Packs/Audiotent - Hypnosis/Drum Hits/Perc/27 AT Hypnosis Perc - Layers.wav,One-Shot,0.5,3,0.0
/Users/jannikassfalg/Documents/Sample Packs/Audiotent - Hypnosis/Drum Hits/Perc/01 AT Hypnosis Perc - Fusion.wav,One-Shot,0.5,3,120.19
/Users/jannikassfalg/Documents/Sample Packs/Audiotent - Hypnosis/Drum Hits/Perc/11 AT Hypnosis Perc - Tube.wav,One-Shot,0.5,1,120.19
/Users/jannikassfalg/Documents/Sample Packs/Audiotent - Hypnosis/Drum Hits/Perc/16 AT Hypnosis Perc - Clip.wav,One-Shot,0.5,2,0.0
/Users/jannikassfalg/Documents/Sample Packs/Audiotent - Hypnosis/Drum Hits/Perc/37 AT Hypnosis Perc - Dope.wav,One-Shot,0.5,6,0.0
/Users/jannikassfalg/Documents/Sample Packs/Audiotent - Hypnosis/Drum Hits/Perc/04 AT Hypnosis Perc - Knock.wav,One-Shot,0.5,2,120.19
/Users/jannikassfalg/Documents/Sample Packs/Audiotent - Hypnosis/Drum Hits/Perc/35 AT Hypnosis Perc - Tuned.wav,One-Shot,0.5,1,120.19
/Users/jannikassfalg/Documents/Sample Packs/Audiotent - Hypnosis/Drum Hits/Perc/12 AT Hypnosis Perc - Over.wav,One-Shot,0.5,2,120.19
/Users/jannikassfalg/Documents/Sample Packs/Audiotent - Hypnosis/Drum Hits/Perc/30 AT Hypnosis Perc - Insert.wav,One-Shot,0.5,2,0.0
/Users/jannikassfalg/Documents/Sample Packs/Audiotent - Hypnosis/Drum Hits/Perc/22 AT Hypnosis Perc - Duplex.wav,One-Shot,0.5,1,120.19
/Users/jannikassfalg/Documents/Sample Packs/Audiotent - Hypnosis/Drum Hits/Perc/36 AT Hypnosis Perc - Nail.wav,One-Shot,0.5,1,120.19
/Users/jannikassfalg/Documents/Sample Packs/Audiotent - Hypnosis/Drum Hits/Perc/24 AT Hypnosis Perc - Low.wav,One-Shot,0.5,1,0.0
/Users/jannikassfalg/Documents/Sample Packs/Audiotent - Hypnosis/Drum Hits/Hi-Hats/32 AT Hypnosis Hi-Hat - Lift.wav,One-Shot,0.5,2,120.19
/Users/jannikassfalg/Documents/Sample Packs/Audiotent - Hypnosis/Drum Hits/Hi-Hats/20 AT Hypnosis Hi-Hat - Analog.wav,One-Shot,1.0,4,206.72
/Users/jannikassfalg/Documents/Sample Packs/Audiotent - Hypnosis/Drum Hits/Hi-Hats/16 AT Hypnosis Hi-Hat - Paradox.wav,One-Shot,0.5,5,120.19
/Users/jannikassfalg/Documents/Sample Packs/Audiotent - Hypnosis/Drum Hits/Hi-Hats/34 AT Hypnosis Hi-Hat - Hiss.wav,One-Shot,0.5,3,120.19
/Users/jannikassfalg/Documents/Sample Packs/Audiotent - Hypnosis/Drum Hits/Hi-Hats/25 AT Hypnosis Hi-Hat - Post.wav,One-Shot,0.5,3,120.19
/Users/jannikassfalg/Documents/Sample Packs/Audiotent - Hypnosis/Drum Hits/Hi-Hats/29 AT Hypnosis Hi-Hat - Vortex.wav,One-Shot,0.5,1,120.19
/Users/jannikassfalg/Documents/Sample Packs/Audiotent - Hypnosis/Drum Hits/Hi-Hats/37 AT Hypnosis Hi-Hat - Hybrid.wav,One-Shot,0.5,2,120.19
/Users/jannikassfalg/Documents/Sample Packs/Audiotent - Hypnosis/Drum Hits/Hi-Hats/03 AT Hypnosis Hi-Hat - Decay.wav,One-Shot,0.5,3,120.19
/Users/jannikassfalg/Documents/Sample Packs/Audiotent - Hypnosis/Drum Hits/Hi-Hats/36 AT Hypnosis Hi-Hat - Dual.wav,One-Shot,0.5,3,120.19
/Users/jannikassfalg/Documents/Sample Packs/Audiotent - Hypnosis/Drum Hits/Hi-Hats/08 AT Hypnosis Hi-Hat - Micro.wav,One-Shot,0.5,1,120.19
/Users/jannikassfalg/Documents/Sample Packs/Audiotent - Hypnosis/Drum Hits/Hi-Hats/12 AT Hypnosis Hi-Hat - Void.wav,One-Shot,0.5,2,120.19
/Users/jannikassfalg/Documents/Sample Packs/Audiotent - Hypnosis/Drum Hits/Hi-Hats/10 AT Hypnosis Hi-Hat - Dirt.wav,One-Shot,0.5,5,120.19
/Users/jannikassfalg/Documents/Sample Packs/Audiotent - Hypnosis/Drum Hits/Hi-Hats/14 AT Hypnosis Hi-Hat - Threshold.wav,One-Shot,0.5,1,120.19
/Users/jannikassfalg/Documents/Sample Packs/Audiotent - Hypnosis/Drum Hits/Hi-Hats/26 AT Hypnosis Hi-Hat - Lofi.wav,One-Shot,0.5,2,120.19
/Users/jannikassfalg/Documents/Sample Packs/Audiotent - Hypnosis/Drum Hits/Hi-Hats/21 AT Hypnosis Hi-Hat - Collapse.wav,One-Shot,0.5,5,120.19
/Users/jannikassfalg/Documents/Sample Packs/Audiotent - Hypnosis/Drum Hits/Hi-Hats/30 AT Hypnosis Hi-Hat - Burst.wav,One-Shot,0.5,2,120.19
/Users/jannikassfalg/Documents/Sample Packs/Audiotent - Hypnosis/Drum Hits/Hi-Hats/24 AT Hypnosis Hi-Hat - Locked.wav,One-Shot,0.5,2,120.19
/Users/jannikassfalg/Documents/Sample Packs/Audiotent - Hypnosis/Drum Hits/Hi-Hats/02 AT Hypnosis Hi-Hat - Omega.wav,One-Shot,0.5,2,120.19
/Users/jannikassfalg/Documents/Sample Packs/Audiotent - Hypnosis/Drum Hits/Hi-Hats/23 AT Hypnosis Hi-Hat - Lander.wav,One-Shot,0.5,1,120.19
/Users/jannikassfalg/Documents/Sample Packs/Audiotent - Hypnosis/Drum Hits/Hi-Hats/19 AT Hypnosis Hi-Hat - Ether.wav,One-Shot,0.5,2,120.19
/Users/jannikassfalg/Documents/Sample Packs/Audiotent - Hypnosis/Drum Hits/Hi-Hats/18 AT Hypnosis Hi-Hat - Liquid.wav,One-Shot,0.5,1,120.19
/Users/jannikassfalg/Documents/Sample Packs/Audiotent - Hypnosis/Drum Hits/Hi-Hats/17 AT Hypnosis Hi-Hat - Mist.wav,One-Shot,0.5,5,120.19
/Users/jannikassfalg/Documents/Sample Packs/Audiotent - Hypnosis/Drum Hits/Hi-Hats/04 AT Hypnosis Hi-Hat - Tape.wav,One-Shot,0.5,2,120.19
/Users/jannikassfalg/Documents/Sample Packs/Audiotent - Hypnosis/Drum Hits/Hi-Hats/11 AT Hypnosis Hi-Hat - Tube.wav,One-Shot,0.5,1,120.19
/Users/jannikassfalg/Documents/Sample Packs/Audiotent - Hypnosis/Drum Hits/Hi-Hats/31 AT Hypnosis Hi-Hat - Size.wav,One-Shot,0.5,1,120.19
/Users/jannikassfalg/Documents/Sample Packs/Audiotent - Hypnosis/Drum Hits/Hi-Hats/22 AT Hypnosis Hi-Hat - Render.wav,One-Shot,0.5,2,120.19
/Users/jannikassfalg/Documents/Sample Packs/Audiotent - Hypnosis/Drum Hits/Hi-Hats/01 AT Hypnosis Hi-Hat - Robot.wav,One-Shot,0.5,2,120.19
/Users/jannikassfalg/Documents/Sample Packs/Audiotent - Hypnosis/Drum Hits/Hi-Hats/28 AT Hypnosis Hi-Hat - Clouds.wav,One-Shot,0.5,2,120.19
/Users/jannikassfalg/Documents/Sample Packs/Audiotent - Hypnosis/Drum Hits/Hi-Hats/35 AT Hypnosis Hi-Hat - Danger.wav,One-Shot,0.5,1,120.19
/Users/jannikassfalg/Documents/Sample Packs/Audiotent - Hypnosis/Drum Hits/Hi-Hats/15 AT Hypnosis Hi-Hat - Trix.wav,One-Shot,0.5,1,120.19
/Users/jannikassfalg/Documents/Sample Packs/Audiotent - Hypnosis/Drum Hits/Hi-Hats/05 AT Hypnosis Hi-Hat - Grit.wav,One-Shot,0.5,1,120.19
/Users/jannikassfalg/Documents/Sample Packs/Audiotent - Hypnosis/Drum Hits/Hi-Hats/13 AT Hypnosis Hi-Hat - Filtered.wav,One-Shot,0.5,3,120.19
/Users/jannikassfalg/Documents/Sample Packs/Audiotent - Hypnosis/Drum Hits/Hi-Hats/27 AT Hypnosis Hi-Hat - Flick.wav,One-Shot,0.5,1,120.19
/Users/jannikassfalg/Documents/Sample Packs/Audiotent - Hypnosis/Drum Hits/Hi-Hats/09 AT Hypnosis Hi-Hat - Pixel.wav,One-Shot,0.5,2,120.19
/Users/jannikassfalg/Documents/Sample Packs/Audiotent - Hypnosis/Drum Hits/Hi-Hats/33 AT Hypnosis Hi-Hat - Certified.wav,One-Shot,0.5,1,120.19
/Users/jannikassfalg/Documents/Sample Packs/Audiotent - Hypnosis/Drum Hits/Hi-Hats/07 AT Hypnosis Hi-Hat - Puzzle.wav,One-Shot,0.5,3,258.4
/Users/jannikassfalg/Documents/Sample Packs/Audiotent - Hypnosis/Drum Hits/Hi-Hats/06 AT Hypnosis Hi-Hat - Vermona.wav,One-Shot,0.5,5,120.19
/Users/jannikassfalg/Documents/Sample Packs/Audiotent - Hypnosis/Drum Hits/Claps/08 AT Hypnosis Clap - Capital.wav,One-Shot,0.5,1,120.19
/Users/jannikassfalg/Documents/Sample Packs/Audiotent - Hypnosis/Drum Hits/Claps/14 AT Hypnosis Clap - Modular.wav,One-Shot,0.5,1,120.19
/Users/jannikassfalg/Documents/Sample Packs/Audiotent - Hypnosis/Drum Hits/Claps/34 AT Hypnosis Clap - Boost.wav,One-Shot,0.5,2,120.19
/Users/jannikassfalg/Documents/Sample Packs/Audiotent - Hypnosis/Drum Hits/Claps/25 AT Hypnosis Clap - Koln.wav,One-Shot,0.5,2,258.4
/Users/jannikassfalg/Documents/Sample Packs/Audiotent - Hypnosis/Drum Hits/Claps/21 AT Hypnosis Clap - Alert.wav,One-Shot,1.0,6,304.0
/Users/jannikassfalg/Documents/Sample Packs/Audiotent - Hypnosis/Drum Hits/Claps/27 AT Hypnosis Clap - Snap.wav,One-Shot,0.5,1,120.19
/Users/jannikassfalg/Documents/Sample Packs/Audiotent - Hypnosis/Drum Hits/Claps/09 AT Hypnosis Clap - Generator.wav,One-Shot,0.5,1,120.19
/Users/jannikassfalg/Documents/Sample Packs/Audiotent - Hypnosis/Drum Hits/Claps/24 AT Hypnosis Clap - Trigger.wav,One-Shot,0.5,5,120.19
/Users/jannikassfalg/Documents/Sample Packs/Audiotent - Hypnosis/Drum Hits/Claps/18 AT Hypnosis Clap - Epilogue.wav,One-Shot,0.5,4,120.19
/Users/jannikassfalg/Documents/Sample Packs/Audiotent - Hypnosis/Drum Hits/Claps/28 AT Hypnosis Clap - Optical.wav,One-Shot,0.5,3,120.19
/Users/jannikassfalg/Documents/Sample Packs/Audiotent - Hypnosis/Drum Hits/Claps/07 AT Hypnosis Clap - Render.wav,One-Shot,0.5,1,120.19
/Users/jannikassfalg/Documents/Sample Packs/Audiotent - Hypnosis/Drum Hits/Claps/04 AT Hypnosis Clap - Micro.wav,One-Shot,0.5,2,120.19
/Users/jannikassfalg/Documents/Sample Packs/Audiotent - Hypnosis/Drum Hits/Claps/22 AT Hypnosis Clap - Classic.wav,One-Shot,0.5,1,120.19
/Users/jannikassfalg/Documents/Sample Packs/Audiotent - Hypnosis/Drum Hits/Claps/05 AT Hypnosis Clap - Solid.wav,One-Shot,0.5,1,120.19
/Users/jannikassfalg/Documents/Sample Packs/Audiotent - Hypnosis/Drum Hits/Claps/29 AT Hypnosis Clap - Smirk.wav,One-Shot,0.5,2,120.19
/Users/jannikassfalg/Documents/Sample Packs/Audiotent - Hypnosis/Drum Hits/Claps/01 AT Hypnosis Clap - Fusion.wav,One-Shot,0.5,2,120.19
/Users/jannikassfalg/Documents/Sample Packs/Audiotent - Hypnosis/Drum Hits/Claps/15 AT Hypnosis Clap - Closer.wav,One-Shot,0.5,1,120.19
/Users/jannikassfalg/Documents/Sample Packs/Audiotent - Hypnosis/Drum Hits/Claps/35 AT Hypnosis Clap - Japan.wav,One-Shot,0.5,2,120.19
/Users/jannikassfalg/Documents/Sample Packs/Audiotent - Hypnosis/Drum Hits/Claps/02 AT Hypnosis Clap - Clock.wav,One-Shot,0.5,2,120.19
/Users/jannikassfalg/Documents/Sample Packs/Audiotent - Hypnosis/Drum Hits/Claps/33 AT Hypnosis Clap - Drive.wav,One-Shot,0.5,1,120.19
/Users/jannikassfalg/Documents/Sample Packs/Audiotent - Hypnosis/Drum Hits/Claps/12 AT Hypnosis Clap - Over.wav,One-Shot,0.5,1,120.19
/Users/jannikassfalg/Documents/Sample Packs/Audiotent - Hypnosis/Drum Hits/Claps/26 AT Hypnosis Clap - Output.wav,One-Shot,0.5,1,120.19
/Users/jannikassfalg/Documents/Sample Packs/Audiotent - Hypnosis/Drum Hits/Claps/10 AT Hypnosis Clap - Vermona.wav,One-Shot,0.5,8,120.19
/Users/jannikassfalg/Documents/Sample Packs/Audiotent - Hypnosis/Drum Hits/Claps/37 AT Hypnosis Clap - Phase.wav,One-Shot,0.5,2,120.19
/Users/jannikassfalg/Documents/Sample Packs/Audiotent - Hypnosis/Drum Hits/Claps/17 AT Hypnosis Clap - Turbo.wav,One-Shot,0.5,1,120.19
/Users/jannikassfalg/Documents/Sample Packs/Audiotent - Hypnosis/Drum Hits/Claps/13 AT Hypnosis Clap - Input.wav,One-Shot,0.5,1,120.19
/Users/jannikassfalg/Documents/Sample Packs/Audiotent - Hypnosis/Drum Hits/Claps/03 AT Hypnosis Clap - Void.wav,One-Shot,0.5,3,120.19
/Users/jannikassfalg/Documents/Sample Packs/Audiotent - Hypnosis/Drum Hits/Claps/30 AT Hypnosis Clap - Collage.wav,One-Shot,0.5,1,120.19
/Users/jannikassfalg/Documents/Sample Packs/Audiotent - Hypnosis/Drum Hits/Claps/36 AT Hypnosis Clap - Phantom.wav,One-Shot,0.5,2,120.19
/Users/jannikassfalg/Documents/Sample Packs/Audiotent - Hypnosis/Drum Hits/Claps/32 AT Hypnosis Clap - Response.wav,One-Shot,0.5,1,120.19
/Users/jannikassfalg/Documents/Sample Packs/Audiotent - Hypnosis/Drum Hits/Claps/06 AT Hypnosis Clap - Vortex.wav,One-Shot,0.5,1,120.19
/Users/jannikassfalg/Documents/Sample Packs/Audiotent - Hypnosis/Drum Hits/Claps/20 AT Hypnosis Clap - Meter.wav,One-Shot,0.5,1,120.19
/Users/jannikassfalg/Documents/Sample Packs/Audiotent - Hypnosis/Drum Hits/Claps/23 AT Hypnosis Clap - Collapse.wav,One-Shot,0.5,2,120.19
/Users/jannikassfalg/Documents/Sample Packs/Audiotent - Hypnosis/Drum Hits/Claps/11 AT Hypnosis Clap - Tube.wav,One-Shot,0.5,2,120.19
/Users/jannikassfalg/Documents/Sample Packs/Audiotent - Hypnosis/Drum Hits/Claps/19 AT Hypnosis Clap - Wide.wav,One-Shot,0.5,2,120.19
/Users/jannikassfalg/Documents/Sample Packs/Audiotent - Hypnosis/Drum Hits/Claps/31 AT Hypnosis Clap - Voltage.wav,One-Shot,0.5,2,120.19
/Users/jannikassfalg/Documents/Sample Packs/Audiotent - Hypnosis/Drum Hits/Snares/17 AT Hypnosis Snare - Visit.wav,One-Shot,0.5,1,120.19
/Users/jannikassfalg/Documents/Sample Packs/Audiotent - Hypnosis/Drum Hits/Snares/30 AT Hypnosis Snare - Wide.wav,One-Shot,0.5,2,120.19
/Users/jannikassfalg/Documents/Sample Packs/Audiotent - Hypnosis/Drum Hits/Snares/16 AT Hypnosis Snare - Close.wav,One-Shot,0.5,2,120.19
/Users/jannikassfalg/Documents/Sample Packs/Audiotent - Hypnosis/Drum Hits/Snares/08 AT Hypnosis Snare - Hertz.wav,One-Shot,0.5,4,120.19
/Users/jannikassfalg/Documents/Sample Packs/Audiotent - Hypnosis/Drum Hits/Snares/34 AT Hypnosis Snare - Dive.wav,One-Shot,0.5,3,120.19
/Users/jannikassfalg/Documents/Sample Packs/Audiotent - Hypnosis/Drum Hits/Snares/11 AT Hypnosis Snare - Bounce.wav,One-Shot,0.5,2,120.19
/Users/jannikassfalg/Documents/Sample Packs/Audiotent - Hypnosis/Drum Hits/Snares/18 AT Hypnosis Snare - Filtered.wav,One-Shot,0.5,1,120.19
/Users/jannikassfalg/Documents/Sample Packs/Audiotent - Hypnosis/Drum Hits/Snares/22 AT Hypnosis Snare - Trash.wav,One-Shot,0.5,1,120.19
/Users/jannikassfalg/Documents/Sample Packs/Audiotent - Hypnosis/Drum Hits/Snares/31 AT Hypnosis Snare - Lazy.wav,One-Shot,0.5,2,120.19
/Users/jannikassfalg/Documents/Sample Packs/Audiotent - Hypnosis/Drum Hits/Snares/07 AT Hypnosis Snare - Tonal.wav,One-Shot,0.5,2,120.19
/Users/jannikassfalg/Documents/Sample Packs/Audiotent - Hypnosis/Drum Hits/Snares/24 AT Hypnosis Snare - Menu.wav,One-Shot,0.5,1,120.19
/Users/jannikassfalg/Documents/Sample Packs/Audiotent - Hypnosis/Drum Hits/Snares/37 AT Hypnosis Snare - Dual.wav,One-Shot,0.5,1,120.19
/Users/jannikassfalg/Documents/Sample Packs/Audiotent - Hypnosis/Drum Hits/Snares/25 AT Hypnosis Snare - Glitched.wav,One-Shot,0.5,1,120.19
/Users/jannikassfalg/Documents/Sample Packs/Audiotent - Hypnosis/Drum Hits/Snares/14 AT Hypnosis Snare - Oval.wav,One-Shot,0.5,1,120.19
/Users/jannikassfalg/Documents/Sample Packs/Audiotent - Hypnosis/Drum Hits/Snares/33 AT Hypnosis Snare - Chip.wav,One-Shot,0.5,1,120.19
/Users/jannikassfalg/Documents/Sample Packs/Audiotent - Hypnosis/Drum Hits/Snares/32 AT Hypnosis Snare - Left.wav,One-Shot,0.5,1,120.19
/Users/jannikassfalg/Documents/Sample Packs/Audiotent - Hypnosis/Drum Hits/Snares/26 AT Hypnosis Snare - Prime.wav,One-Shot,0.5,2,120.19
/Users/jannikassfalg/Documents/Sample Packs/Audiotent - Hypnosis/Drum Hits/Snares/13 AT Hypnosis Snare - Perfect.wav,One-Shot,0.5,1,120.19
/Users/jannikassfalg/Documents/Sample Packs/Audiotent - Hypnosis/Drum Hits/Snares/04 AT Hypnosis Snare - Modular.wav,One-Shot,0.5,4,120.19
/Users/jannikassfalg/Documents/Sample Packs/Audiotent - Hypnosis/Drum Hits/Snares/21 AT Hypnosis Snare - Palette.wav,One-Shot,0.5,3,120.19
/Users/jannikassfalg/Documents/Sample Packs/Audiotent - Hypnosis/Drum Hits/Snares/19 AT Hypnosis Snare - Short.wav,One-Shot,0.5,1,120.19
/Users/jannikassfalg/Documents/Sample Packs/Audiotent - Hypnosis/Drum Hits/Snares/12 AT Hypnosis Snare - Disk.wav,One-Shot,0.5,1,120.19
/Users/jannikassfalg/Documents/Sample Packs/Audiotent - Hypnosis/Drum Hits/Snares/35 AT Hypnosis Snare - Crack.wav,One-Shot,0.5,3,120.19
/Users/jannikassfalg/Documents/Sample Packs/Audiotent - Hypnosis/Drum Hits/Snares/15 AT Hypnosis Snare - Crisp.wav,One-Shot,0.5,1,120.19
/Users/jannikassfalg/Documents/Sample Packs/Audiotent - Hypnosis/Drum Hits/Snares/01 AT Hypnosis Snare - Void.wav,One-Shot,0.5,3,120.19
/Users/jannikassfalg/Documents/Sample Packs/Audiotent - Hypnosis/Drum Hits/Snares/28 AT Hypnosis Snare - Organic.wav,One-Shot,0.5,1,120.19
/Users/jannikassfalg/Documents/Sample Packs/Audiotent - Hypnosis/Drum Hits/Snares/20 AT Hypnosis Snare - Fusion.wav,One-Shot,2.0,20,60.8
/Users/jannikassfalg/Documents/Sample Packs/Audiotent - Hypnosis/Drum Hits/Snares/29 AT Hypnosis Snare - Overstayer.wav,One-Shot,0.5,2,120.19
/Users/jannikassfalg/Documents/Sample Packs/Audiotent - Hypnosis/Drum Hits/Snares/27 AT Hypnosis Snare - Time.wav,One-Shot,0.5,1,120.19
/Users/jannikassfalg/Documents/Sample Packs/Audiotent - Hypnosis/Drum Hits/Snares/05 AT Hypnosis Snare - Micro.wav,One-Shot,0.5,3,0.0
/Users/jannikassfalg/Documents/Sample Packs/Audiotent - Hypnosis/Drum Hits/Snares/09 AT Hypnosis Snare - Render.wav,One-Shot,0.5,1,120.19
/Users/jannikassfalg/Documents/Sample Packs/Audiotent - Hypnosis/Drum Hits/Snares/23 AT Hypnosis Snare - Lofi.wav,One-Shot,0.5,2,120.19
/Users/jannikassfalg/Documents/Sample Packs/Audiotent - Hypnosis/Drum Hits/Snares/06 AT Hypnosis Snare - Layers.wav,One-Shot,0.5,1,120.19
/Users/jannikassfalg/Documents/Sample Packs/Audiotent - Hypnosis/Drum Hits/Snares/36 AT Hypnosis Snare - Origin.wav,One-Shot,0.5,2,120.19
/Users/jannikassfalg/Documents/Sample Packs/Audiotent - Hypnosis/Drum Hits/Snares/10 AT Hypnosis Snare - Wicked.wav,One-Shot,0.5,1,120.19
/Users/jannikassfalg/Documents/Sample Packs/Audiotent - Hypnosis/Drum Hits/Snares/02 AT Hypnosis Snare - Light.wav,One-Shot,0.5,3,0.0
/Users/jannikassfalg/Documents/Sample Packs/Audiotent - Hypnosis/Drum Hits/Snares/03 AT Hypnosis Snare - Machine.wav,One-Shot,0.5,1,120.19
/Users/jannikassfalg/Documents/Sample Packs/Audiotent - Hypnosis/Drum Hits/Kicks/04 AT Hypnosis Kick - Font G.wav,One-Shot,0.5,3,120.19
/Users/jannikassfalg/Documents/Sample Packs/Audiotent - Hypnosis/Drum Hits/Kicks/14 AT Hypnosis Kick - Attack G.wav,One-Shot,0.5,3,120.19
/Users/jannikassfalg/Documents/Sample Packs/Audiotent - Hypnosis/Drum Hits/Kicks/10 AT Hypnosis Kick - Hybrid D#.wav,One-Shot,0.5,5,0.0
/Users/jannikassfalg/Documents/Sample Packs/Audiotent - Hypnosis/Drum Hits/Kicks/31 AT Hypnosis Kick - Huge F.wav,One-Shot,0.5,3,120.19
/Users/jannikassfalg/Documents/Sample Packs/Audiotent - Hypnosis/Drum Hits/Kicks/12 AT Hypnosis Kick - Manley G.wav,One-Shot,0.5,2,0.0
/Users/jannikassfalg/Documents/Sample Packs/Audiotent - Hypnosis/Drum Hits/Kicks/13 AT Hypnosis Kick - Dirty F#.wav,One-Shot,0.5,1,0.0
/Users/jannikassfalg/Documents/Sample Packs/Audiotent - Hypnosis/Drum Hits/Kicks/25 AT Hypnosis Kick - Response G.wav,One-Shot,0.5,5,0.0
/Users/jannikassfalg/Documents/Sample Packs/Audiotent - Hypnosis/Drum Hits/Kicks/19 AT Hypnosis Kick - Box G.wav,One-Shot,0.5,3,0.0
/Users/jannikassfalg/Documents/Sample Packs/Audiotent - Hypnosis/Drum Hits/Kicks/03 AT Hypnosis Kick - Sub D#.wav,One-Shot,0.5,5,0.0
/Users/jannikassfalg/Documents/Sample Packs/Audiotent - Hypnosis/Drum Hits/Kicks/24 AT Hypnosis Kick - Phase G#.wav,One-Shot,0.5,5,0.0
/Users/jannikassfalg/Documents/Sample Packs/Audiotent - Hypnosis/Drum Hits/Kicks/16 AT Hypnosis Kick - Vibe A.wav,One-Shot,0.5,2,120.19
/Users/jannikassfalg/Documents/Sample Packs/Audiotent - Hypnosis/Drum Hits/Kicks/15 AT Hypnosis Kick - Smashed F#.wav,One-Shot,0.5,3,0.0
/Users/jannikassfalg/Documents/Sample Packs/Audiotent - Hypnosis/Drum Hits/Kicks/09 AT Hypnosis Kick - Acid F.wav,One-Shot,0.5,4,0.0
/Users/jannikassfalg/Documents/Sample Packs/Audiotent - Hypnosis/Drum Hits/Kicks/11 AT Hypnosis Kick - Classic B.wav,One-Shot,0.5,2,0.0
/Users/jannikassfalg/Documents/Sample Packs/Audiotent - Hypnosis/Drum Hits/Kicks/37 AT Hypnosis Kick - Gain A#.wav,One-Shot,0.5,2,0.0
/Users/jannikassfalg/Documents/Sample Packs/Audiotent - Hypnosis/Drum Hits/Kicks/29 AT Hypnosis Kick - Tape G.wav,One-Shot,0.5,6,0.0
/Users/jannikassfalg/Documents/Sample Packs/Audiotent - Hypnosis/Drum Hits/Kicks/32 AT Hypnosis Kick - Deep F#.wav,One-Shot,0.5,5,0.0
/Users/jannikassfalg/Documents/Sample Packs/Audiotent - Hypnosis/Drum Hits/Kicks/01 AT Hypnosis Kick - Drive A#.wav,One-Shot,0.5,4,0.0
/Users/jannikassfalg/Documents/Sample Packs/Audiotent - Hypnosis/Drum Hits/Kicks/05 AT Hypnosis Kick - Eclipse G#.wav,One-Shot,0.5,5,120.19
/Users/jannikassfalg/Documents/Sample Packs/Audiotent - Hypnosis/Drum Hits/Kicks/02 AT Hypnosis Kick - Solid A.wav,One-Shot,0.5,6,0.0
/Users/jannikassfalg/Documents/Sample Packs/Audiotent - Hypnosis/Drum Hits/Kicks/07 AT Hypnosis Kick - Vermona G#.wav,One-Shot,0.5,5,0.0
/Users/jannikassfalg/Documents/Sample Packs/Audiotent - Hypnosis/Drum Hits/Kicks/23 AT Hypnosis Kick - Radial F#.wav,One-Shot,0.5,7,0.0
/Users/jannikassfalg/Documents/Sample Packs/Audiotent - Hypnosis/Drum Hits/Kicks/35 AT Hypnosis Kick - Tune G.wav,One-Shot,0.5,7,0.0
/Users/jannikassfalg/Documents/Sample Packs/Audiotent - Hypnosis/Drum Hits/Kicks/34 AT Hypnosis Kick - Trick F#.wav,One-Shot,0.5,3,0.0
/Users/jannikassfalg/Documents/Sample Packs/Audiotent - Hypnosis/Drum Hits/Kicks/36 AT Hypnosis Kick - Signal A.wav,One-Shot,0.5,3,0.0
/Users/jannikassfalg/Documents/Sample Packs/Audiotent - Hypnosis/Drum Hits/Kicks/27 AT Hypnosis Kick - Input F.wav,One-Shot,0.5,5,0.0
/Users/jannikassfalg/Documents/Sample Packs/Audiotent - Hypnosis/Drum Hits/Kicks/22 AT Hypnosis Kick - Knot D#.wav,One-Shot,0.5,5,0.0
/Users/jannikassfalg/Documents/Sample Packs/Audiotent - Hypnosis/Drum Hits/Kicks/33 AT Hypnosis Kick - Sooth F.wav,One-Shot,0.5,5,120.19
/Users/jannikassfalg/Documents/Sample Packs/Audiotent - Hypnosis/Drum Hits/Kicks/18 AT Hypnosis Kick - Size A.wav,One-Shot,0.5,2,0.0
/Users/jannikassfalg/Documents/Sample Packs/Audiotent - Hypnosis/Drum Hits/Kicks/20 AT Hypnosis Kick - Fault F.wav,One-Shot,0.5,5,0.0
/Users/jannikassfalg/Documents/Sample Packs/Audiotent - Hypnosis/Drum Hits/Kicks/06 AT Hypnosis Kick - Wedge D.wav,One-Shot,0.5,4,0.0
/Users/jannikassfalg/Documents/Sample Packs/Audiotent - Hypnosis/Drum Hits/Kicks/26 AT Hypnosis Kick - Boost F.wav,One-Shot,0.5,6,0.0
/Users/jannikassfalg/Documents/Sample Packs/Audiotent - Hypnosis/Drum Hits/Kicks/30 AT Hypnosis Kick - Tap F.wav,One-Shot,0.5,5,0.0
/Users/jannikassfalg/Documents/Sample Packs/Audiotent - Hypnosis/Drum Hits/Kicks/08 AT Hypnosis Kick - Tube G.wav,One-Shot,0.5,2,120.19
/Users/jannikassfalg/Documents/Sample Packs/Audiotent - Hypnosis/Drum Hits/Kicks/17 AT Hypnosis Kick - Access F#.wav,One-Shot,0.5,1,120.19
/Users/jannikassfalg/Documents/Sample Packs/Audiotent - Hypnosis/Drum Hits/Kicks/28 AT Hypnosis Kick - Pure F.wav,One-Shot,0.5,4,0.0
/Users/jannikassfalg/Documents/Sample Packs/Audiotent - Hypnosis/Drum Hits/Kicks/21 AT Hypnosis Kick - Filtered G.wav,One-Shot,0.5,3,0.0
/Users/jannikassfalg/Documents/Sample Packs/Audiotent - Hypnosis/Drum Top Loops/34 AT Hypnosis Top - Code 137.wav,Loop,7.01,32,68.91
/Users/jannikassfalg/Documents/Sample Packs/Audiotent - Hypnosis/Drum Top Loops/24 AT Hypnosis Top - Pattern 137.wav,Loop,7.01,36,136.0
/Users/jannikassfalg/Documents/Sample Packs/Audiotent - Hypnosis/Drum Top Loops/16 AT Hypnosis Top - Emphasis 137.wav,Loop,7.01,57,136.0
/Users/jannikassfalg/Documents/Sample Packs/Audiotent - Hypnosis/Drum Top Loops/08 AT Hypnosis Top - Stress 137.wav,Loop,7.01,66,68.91
/Users/jannikassfalg/Documents/Sample Packs/Audiotent - Hypnosis/Drum Top Loops/12 AT Hypnosis Top - Dust 137.wav,Loop,7.01,48,136.0
/Users/jannikassfalg/Documents/Sample Packs/Audiotent - Hypnosis/Drum Top Loops/37 AT Hypnosis Top - Interference 137.wav,Loop,7.01,59,136.0
/Users/jannikassfalg/Documents/Sample Packs/Audiotent - Hypnosis/Drum Top Loops/32 AT Hypnosis Top - Future 137.wav,Loop,7.01,17,68.91
/Users/jannikassfalg/Documents/Sample Packs/Audiotent - Hypnosis/Drum Top Loops/10 AT Hypnosis Top - Dirty 137.wav,Loop,7.01,38,136.0
/Users/jannikassfalg/Documents/Sample Packs/Audiotent - Hypnosis/Drum Top Loops/05 AT Hypnosis Top - Machine 137.wav,Loop,7.01,21,136.0
/Users/jannikassfalg/Documents/Sample Packs/Audiotent - Hypnosis/Drum Top Loops/31 AT Hypnosis Top - Vintage 137.wav,Loop,7.01,56,136.0
/Users/jannikassfalg/Documents/Sample Packs/Audiotent - Hypnosis/Drum Top Loops/35 AT Hypnosis Top - Pierce 137.wav,Loop,7.01,69,136.0
/Users/jannikassfalg/Documents/Sample Packs/Audiotent - Hypnosis/Drum Top Loops/23 AT Hypnosis Top - Vortex 137.wav,Loop,7.01,48,136.0
/Users/jannikassfalg/Documents/Sample Packs/Audiotent - Hypnosis/Drum Top Loops/26 AT Hypnosis Top - Trunk 137.wav,Loop,7.01,2,17.11
/Users/jannikassfalg/Documents/Sample Packs/Audiotent - Hypnosis/Drum Top Loops/11 AT Hypnosis Top - Fusion 137.wav,Loop,7.01,64,136.0
/Users/jannikassfalg/Documents/Sample Packs/Audiotent - Hypnosis/Drum Top Loops/25 AT Hypnosis Top - Insert 137.wav,Loop,7.01,32,136.0
/Users/jannikassfalg/Documents/Sample Packs/Audiotent - Hypnosis/Drum Top Loops/20 AT Hypnosis Top - Fragments 137.wav,Loop,14.01,69,136.0
/Users/jannikassfalg/Documents/Sample Packs/Audiotent - Hypnosis/Drum Top Loops/30 AT Hypnosis Top - Iron 137.wav,Loop,7.01,19,136.0
/Users/jannikassfalg/Documents/Sample Packs/Audiotent - Hypnosis/Drum Top Loops/03 AT Hypnosis Top - Classic 137.wav,Loop,7.01,17,136.0
/Users/jannikassfalg/Documents/Sample Packs/Audiotent - Hypnosis/Drum Top Loops/36 AT Hypnosis Top - Path 137.wav,Loop,7.01,18,136.0
/Users/jannikassfalg/Documents/Sample Packs/Audiotent - Hypnosis/Drum Top Loops/15 AT Hypnosis Top - Bullet 137.wav,Loop,7.01,64,136.0
/Users/jannikassfalg/Documents/Sample Packs/Audiotent - Hypnosis/Drum Top Loops/13 AT Hypnosis Top - Turbulence 137.wav,Loop,7.01,55,136.0
/Users/jannikassfalg/Documents/Sample Packs/Audiotent - Hypnosis/Drum Top Loops/21 AT Hypnosis Top - Collapse 137.wav,Loop,7.01,17,136.0
/Users/jannikassfalg/Documents/Sample Packs/Audiotent - Hypnosis/Drum Top Loops/09 AT Hypnosis Top - Fast 137.wav,Loop,7.01,37,136.0
/Users/jannikassfalg/Documents/Sample Packs/Audiotent - Hypnosis/Drum Top Loops/33 AT Hypnosis Top - Sector 137.wav,Loop,7.01,56,136.0
/Users/jannikassfalg/Documents/Sample Packs/Audiotent - Hypnosis/Drum Top Loops/28 AT Hypnosis Top - Storm 137.wav,Loop,7.01,32,136.0
/Users/jannikassfalg/Documents/Sample Packs/Audiotent - Hypnosis/Drum Top Loops/29 AT Hypnosis Top - Glitcher 137.wav,Loop,7.01,65,136.0
/Users/jannikassfalg/Documents/Sample Packs/Audiotent - Hypnosis/Drum Top Loops/19 AT Hypnosis Top - Selector 137.wav,Loop,7.01,50,136.0
/Users/jannikassfalg/Documents/Sample Packs/Audiotent - Hypnosis/Drum Top Loops/06 AT Hypnosis Top - Modular 137.wav,Loop,7.01,47,136.0
/Users/jannikassfalg/Documents/Sample Packs/Audiotent - Hypnosis/Drum Top Loops/04 AT Hypnosis Top - Grit 137.wav,Loop,7.01,16,136.0
/Users/jannikassfalg/Documents/Sample Packs/Audiotent - Hypnosis/Drum Top Loops/14 AT Hypnosis Top - Rider 137.wav,Loop,7.01,40,68.91
/Users/jannikassfalg/Documents/Sample Packs/Audiotent - Hypnosis/Drum Top Loops/22 AT Hypnosis Top - Shadow 137.wav,Loop,7.01,8,132.51
/Users/jannikassfalg/Documents/Sample Packs/Audiotent - Hypnosis/Drum Top Loops/01 AT Hypnosis Top - Tube 137.wav,Loop,7.01,47,68.91
/Users/jannikassfalg/Documents/Sample Packs/Audiotent - Hypnosis/Drum Top Loops/27 AT Hypnosis Top - Generator 137.wav,Loop,7.01,70,68.91
/Users/jannikassfalg/Documents/Sample Packs/Audiotent - Hypnosis/Drum Top Loops/07 AT Hypnosis Top - Line 137.wav,Loop,7.01,30,136.0
/Users/jannikassfalg/Documents/Sample Packs/Audiotent - Hypnosis/Drum Top Loops/02 AT Hypnosis Top - Circle 137.wav,Loop,7.01,48,136.0
/Users/jannikassfalg/Documents/Sample Packs/Audiotent - Hypnosis/Drum Top Loops/18 AT Hypnosis Top - Gello 137.wav,Loop,7.01,62,90.67
/Users/jannikassfalg/Documents/Sample Packs/Audiotent - Hypnosis/Drum Top Loops/17 AT Hypnosis Top - Steady 137.wav,Loop,7.01,51,136.0
/Users/jannikassfalg/Documents/Sample Packs/Audiotent - Hypnosis/Bass Loops/35 AT Hypnosis Bass - Percussive 137 E.wav,Loop,7.01,16,68.91
/Users/jannikassfalg/Documents/Sample Packs/Audiotent - Hypnosis/Bass Loops/17 AT Hypnosis Bass - Tube 137 D.wav,Loop,7.01,32,34.22
/Users/jannikassfalg/Documents/Sample Packs/Audiotent - Hypnosis/Bass Loops/24 AT Hypnosis Bass - Peak 137 G.wav,Loop,7.01,20,34.22
/Users/jannikassfalg/Documents/Sample Packs/Audiotent - Hypnosis/Bass Loops/18 AT Hypnosis Bass - Wide 137 G#.wav,Loop,7.01,69,0.0
/Users/jannikassfalg/Documents/Sample Packs/Audiotent - Hypnosis/Bass Loops/20 AT Hypnosis Bass - Api 137 F#.wav,Loop,7.01,68,0.0
/Users/jannikassfalg/Documents/Sample Packs/Audiotent - Hypnosis/Bass Loops/31 AT Hypnosis Bass - Warehouse 137 G.wav,Loop,28.03,256,78.3
/Users/jannikassfalg/Documents/Sample Packs/Audiotent - Hypnosis/Bass Loops/33 AT Hypnosis Bass - Inverted 137 G.wav,Loop,7.01,8,68.91
/Users/jannikassfalg/Documents/Sample Packs/Audiotent - Hypnosis/Bass Loops/02 AT Hypnosis Bass - Kicker 137 D.wav,Loop,7.01,24,0.0
/Users/jannikassfalg/Documents/Sample Packs/Audiotent - Hypnosis/Bass Loops/05 AT Hypnosis Bass - Massive 137 A.wav,Loop,7.01,8,68.91
/Users/jannikassfalg/Documents/Sample Packs/Audiotent - Hypnosis/Bass Loops/07 AT Hypnosis Bass - Glider 137 F#.wav,Loop,7.01,57,0.0
/Users/jannikassfalg/Documents/Sample Packs/Audiotent - Hypnosis/Bass Loops/08 AT Hypnosis Bass - Sub 137 D#.wav,Loop,7.01,41,0.0
/Users/jannikassfalg/Documents/Sample Packs/Audiotent - Hypnosis/Bass Loops/06 AT Hypnosis Bass - Dark 137 C.wav,Loop,14.01,201,68.0
/Users/jannikassfalg/Documents/Sample Packs/Audiotent - Hypnosis/Bass Loops/27 AT Hypnosis Bass - Tubular 137 G#.wav,Loop,7.01,8,68.91
/Users/jannikassfalg/Documents/Sample Packs/Audiotent - Hypnosis/Bass Loops/32 AT Hypnosis Bass - Water 137 D.wav,Loop,7.01,23,34.22
/Users/jannikassfalg/Documents/Sample Packs/Audiotent - Hypnosis/Bass Loops/22 AT Hypnosis Bass - Wreck 137 G#.wav,Loop,7.01,28,0.0
/Users/jannikassfalg/Documents/Sample Packs/Audiotent - Hypnosis/Bass Loops/30 AT Hypnosis Bass - Fried 137 A#.wav,Loop,7.01,28,184.57
/Users/jannikassfalg/Documents/Sample Packs/Audiotent - Hypnosis/Bass Loops/34 AT Hypnosis Bass - Paradigm 137 C.wav,Loop,7.01,19,34.22
/Users/jannikassfalg/Documents/Sample Packs/Audiotent - Hypnosis/Bass Loops/26 AT Hypnosis Bass - Oval 137 E.wav,Loop,7.01,19,0.0
/Users/jannikassfalg/Documents/Sample Packs/Audiotent - Hypnosis/Bass Loops/29 AT Hypnosis Bass - False 137 B.wav,Loop,7.01,23,34.22
/Users/jannikassfalg/Documents/Sample Packs/Audiotent - Hypnosis/Bass Loops/23 AT Hypnosis Bass - Attitude 137 C.wav,Loop,7.01,22,0.0
/Users/jannikassfalg/Documents/Sample Packs/Audiotent - Hypnosis/Bass Loops/04 AT Hypnosis Bass - Root 137 E.wav,Loop,7.01,63,0.0
/Users/jannikassfalg/Documents/Sample Packs/Audiotent - Hypnosis/Bass Loops/14 AT Hypnosis Bass - Bump 137 G.wav,Loop,7.01,4,34.22
/Users/jannikassfalg/Documents/Sample Packs/Audiotent - Hypnosis/Bass Loops/36 AT Hypnosis Bass - Vision 137 D#.wav,Loop,14.01,34,68.91
/Users/jannikassfalg/Documents/Sample Packs/Audiotent - Hypnosis/Bass Loops/28 AT Hypnosis Bass - Version 137 C.wav,Loop,7.01,12,0.0
/Users/jannikassfalg/Documents/Sample Packs/Audiotent - Hypnosis/Bass Loops/15 AT Hypnosis Bass - Intense 137 G.wav,Loop,7.01,25,0.0
/Users/jannikassfalg/Documents/Sample Packs/Audiotent - Hypnosis/Bass Loops/25 AT Hypnosis Bass - Symetria 137 E.wav,Loop,7.01,23,0.0
/Users/jannikassfalg/Documents/Sample Packs/Audiotent - Hypnosis/Bass Loops/09 AT Hypnosis Bass - Pump 137 E.wav,Loop,7.01,45,0.0
/Users/jannikassfalg/Documents/Sample Packs/Audiotent - Hypnosis/Bass Loops/01 AT Hypnosis Bass - Hydra 137 D#.wav,Loop,14.01,105,136.0
/Users/jannikassfalg/Documents/Sample Packs/Audiotent - Hypnosis/Bass Loops/21 AT Hypnosis Bass - Cube 137 G#.wav,Loop,7.01,35,68.91
/Users/jannikassfalg/Documents/Sample Packs/Audiotent - Hypnosis/Bass Loops/16 AT Hypnosis Bass - Percussive 137 A.wav,Loop,7.01,16,132.51
/Users/jannikassfalg/Documents/Sample Packs/Audiotent - Hypnosis/Bass Loops/03 AT Hypnosis Bass - Hyper 137 C.wav,Loop,14.01,55,272.0
/Users/jannikassfalg/Documents/Sample Packs/Audiotent - Hypnosis/Bass Loops/37 AT Hypnosis Bass - Exposed 137 F#.wav,Loop,7.01,19,78.3
/Users/jannikassfalg/Documents/Sample Packs/Audiotent - Hypnosis/Bass Loops/10 AT Hypnosis Bass - Filtered 137 A.wav,Loop,7.01,91,0.0
/Users/jannikassfalg/Documents/Sample Packs/Audiotent - Hypnosis/Bass Loops/12 AT Hypnosis Bass - Tank 137 C#.wav,Loop,7.01,101,0.0
/Users/jannikassfalg/Documents/Sample Packs/Audiotent - Hypnosis/Bass Loops/11 AT Hypnosis Bass - Noisy 137 D#.wav,Loop,7.01,103,68.91
/Users/jannikassfalg/Documents/Sample Packs/Audiotent - Hypnosis/Bass Loops/19 AT Hypnosis Bass - Opal 137 C.wav,Loop,7.01,37,90.67
/Users/jannikassfalg/Documents/Sample Packs/Audiotent - Hypnosis/Bass Loops/13 AT Hypnosis Bass - Dope 137 A.wav,Loop,7.01,26,0.0
/Users/jannikassfalg/Documents/Sample Packs/Audiotent - Hypnosis/Synth Loops/21 AT Hypnosis Synth - Alert 137 F#.wav,Loop,14.01,18,68.91
/Users/jannikassfalg/Documents/Sample Packs/Audiotent - Hypnosis/Synth Loops/06 AT Hypnosis Synth - Drop 137 C#.wav,Loop,14.01,72,184.57
/Users/jannikassfalg/Documents/Sample Packs/Audiotent - Hypnosis/Synth Loops/34 AT Hypnosis Synth - Metallic 137 Cm.wav,Loop,21.02,60,68.91
/Users/jannikassfalg/Documents/Sample Packs/Audiotent - Hypnosis/Synth Loops/32 AT Hypnosis Synth - Tornado 137 A.wav,Loop,14.01,119,136.0
/Users/jannikassfalg/Documents/Sample Packs/Audiotent - Hypnosis/Synth Loops/02 AT Hypnosis Synth - Modular 137 A.wav,Loop,28.03,197,109.96
/Users/jannikassfalg/Documents/Sample Packs/Audiotent - Hypnosis/Synth Loops/12 AT Hypnosis Synth - Tube 137 C.wav,Loop,7.01,66,109.96
/Users/jannikassfalg/Documents/Sample Packs/Audiotent - Hypnosis/Synth Loops/09 AT Hypnosis Synth - Ether 137 C.wav,Loop,14.01,17,34.22
/Users/jannikassfalg/Documents/Sample Packs/Audiotent - Hypnosis/Synth Loops/18 AT Hypnosis Synth - Click 137 D#.wav,Loop,7.01,7,272.0
/Users/jannikassfalg/Documents/Sample Packs/Audiotent - Hypnosis/Synth Loops/15 AT Hypnosis Synth - Rally 137 A#.wav,Loop,14.01,29,90.67
/Users/jannikassfalg/Documents/Sample Packs/Audiotent - Hypnosis/Synth Loops/24 AT Hypnosis Synth - Kiji 137 F.wav,Loop,7.01,16,136.0
/Users/jannikassfalg/Documents/Sample Packs/Audiotent - Hypnosis/Synth Loops/10 AT Hypnosis Synth - Noise 137 C.wav,Loop,14.01,136,109.96
/Users/jannikassfalg/Documents/Sample Packs/Audiotent - Hypnosis/Synth Loops/26 AT Hypnosis Synth - Vibrance 137 Cm.wav,Loop,14.01,32,68.91
/Users/jannikassfalg/Documents/Sample Packs/Audiotent - Hypnosis/Synth Loops/37 AT Hypnosis Synth - Exposed 137 F#.wav,Loop,14.01,45,109.96
/Users/jannikassfalg/Documents/Sample Packs/Audiotent - Hypnosis/Synth Loops/25 AT Hypnosis Synth - Tape 137 Dm.wav,Loop,7.01,40,136.0
/Users/jannikassfalg/Documents/Sample Packs/Audiotent - Hypnosis/Synth Loops/04 AT Hypnosis Synth - Alarm 137 A#.wav,Loop,7.01,8,184.57
/Users/jannikassfalg/Documents/Sample Packs/Audiotent - Hypnosis/Synth Loops/03 AT Hypnosis Synth - Detriment 137 F#.wav,Loop,28.03,168,136.0
/Users/jannikassfalg/Documents/Sample Packs/Audiotent - Hypnosis/Synth Loops/17 AT Hypnosis Synth - Serpent 137 A#.wav,Loop,7.01,62,109.96
/Users/jannikassfalg/Documents/Sample Packs/Audiotent - Hypnosis/Synth Loops/20 AT Hypnosis Synth - Light 137 D.wav,Loop,14.01,24,272.0
/Users/jannikassfalg/Documents/Sample Packs/Audiotent - Hypnosis/Synth Loops/11 AT Hypnosis Synth - Roland 137 G#.wav,Loop,7.01,88,34.22
/Users/jannikassfalg/Documents/Sample Packs/Audiotent - Hypnosis/Synth Loops/33 AT Hypnosis Synth - Hyper 137 C.wav,Loop,14.01,89,109.96
/Users/jannikassfalg/Documents/Sample Packs/Audiotent - Hypnosis/Synth Loops/30 AT Hypnosis Synth - Cure 137 D.wav,Loop,14.01,113,136.0
/Users/jannikassfalg/Documents/Sample Packs/Audiotent - Hypnosis/Synth Loops/28 AT Hypnosis Synth - Effektor 137 G.wav,Loop,14.01,87,109.96
/Users/jannikassfalg/Documents/Sample Packs/Audiotent - Hypnosis/Synth Loops/14 AT Hypnosis Synth - Feedback 137 Fm.wav,Loop,14.01,70,184.57
/Users/jannikassfalg/Documents/Sample Packs/Audiotent - Hypnosis/Synth Loops/29 AT Hypnosis Synth - Value 137 E.wav,Loop,7.01,12,184.57
/Users/jannikassfalg/Documents/Sample Packs/Audiotent - Hypnosis/Synth Loops/35 AT Hypnosis Synth - Anubis 137 Cm.wav,Loop,7.01,51,109.96
/Users/jannikassfalg/Documents/Sample Packs/Audiotent - Hypnosis/Synth Loops/19 AT Hypnosis Synth - Vision 137 D#.wav,Loop,14.01,143,109.96
/Users/jannikassfalg/Documents/Sample Packs/Audiotent - Hypnosis/Synth Loops/13 AT Hypnosis Synth - Pattern 137 F.wav,Loop,7.01,64,109.96
/Users/jannikassfalg/Documents/Sample Packs/Audiotent - Hypnosis/Synth Loops/05 AT Hypnosis Synth - Quantex 137 C.wav,Loop,14.01,132,136.0
/Users/jannikassfalg/Documents/Sample Packs/Audiotent - Hypnosis/Synth Loops/27 AT Hypnosis Synth - Utopia 137 C.wav,Loop,14.01,128,109.96
/Users/jannikassfalg/Documents/Sample Packs/Audiotent - Hypnosis/Synth Loops/36 AT Hypnosis Synth - Epopea 137 E.wav,Loop,14.01,51,90.67
/Users/jannikassfalg/Documents/Sample Packs/Audiotent - Hypnosis/Synth Loops/16 AT Hypnosis Synth - Deranged 137 A#.wav,Loop,7.01,15,68.91
/Users/jannikassfalg/Documents/Sample Packs/Audiotent - Hypnosis/Synth Loops/31 AT Hypnosis Synth - Pierce 137 C#.wav,Loop,28.03,52,184.57
/Users/jannikassfalg/Documents/Sample Packs/Audiotent - Hypnosis/Synth Loops/08 AT Hypnosis Synth - Escape 137 C.wav,Loop,28.03,154,92.29
/Users/jannikassfalg/Documents/Sample Packs/Audiotent - Hypnosis/Synth Loops/07 AT Hypnosis Synth - Dirt 137 B.wav,Loop,14.01,126,136.0
/Users/jannikassfalg/Documents/Sample Packs/Audiotent - Hypnosis/Synth Loops/01 AT Hypnosis Synth - Opal 137 A#.wav,Loop,28.03,233,136.0
/Users/jannikassfalg/Documents/Sample Packs/Audiotent - Hypnosis/Synth Loops/22 AT Hypnosis Synth - Hyper 137 A.wav,Loop,7.01,64,136.0
/Users/jannikassfalg/Documents/Sample Packs/Audiotent - Hypnosis/Synth Loops/23 AT Hypnosis Synth - Rolander 137 D#.wav,Loop,7.01,47,90.67
/Users/jannikassfalg/Documents/Sample Packs/Audiotent - Hypnosis/Synth Loops/16 AT Hypnosis Clap - Overstayer.wav,Loop,0.5,1,120.19
